date,pakistan_west,china_east,gulf_energy,us_trade,shipping,composite
2022-06-29,21.11,85.0,43.89,20.56,28.33,39.78
2022-06-30,4.42,92.27,46.96,4.42,38.67,37.35
2022-07-01,20.88,86.81,45.05,20.33,13.19,37.25
2022-07-02,45.36,17.49,36.07,43.17,63.93,41.2
2022-07-03,28.26,18.48,27.72,25.0,78.26,35.54
2022-07-04,66.49,77.84,38.38,65.41,62.7,62.16
2022-07-05,20.43,37.63,47.85,19.35,52.15,35.48
2022-07-06,28.88,42.78,71.12,27.81,61.5,46.42
2022-07-07,28.19,36.7,58.51,26.06,9.04,31.7
2022-07-08,82.54,92.59,31.22,79.37,82.54,73.65
2022-07-09,95.79,42.11,24.74,95.26,68.42,65.26
2022-07-10,96.86,82.72,45.55,96.86,81.15,80.63
2022-07-11,93.23,86.46,34.38,91.67,43.75,69.9
2022-07-12,53.37,67.88,41.45,51.3,37.82,50.36
2022-07-13,83.51,70.1,78.35,81.96,16.49,66.08
2022-07-14,91.79,26.67,64.1,90.26,17.95,58.15
2022-07-15,91.33,76.53,73.98,90.82,37.76,74.08
2022-07-16,70.56,64.97,82.74,68.53,84.77,74.31
2022-07-17,92.93,56.57,62.63,90.4,71.21,74.75
2022-07-18,68.34,82.91,57.29,65.33,38.69,62.51
2022-07-19,43.0,43.5,42.5,41.0,31.0,40.2
2022-07-20,51.74,39.8,45.27,51.74,13.43,40.4
2022-07-21,58.42,76.73,41.09,63.37,12.87,50.5
2022-07-22,36.95,42.86,29.56,35.96,75.86,44.24
2022-07-23,48.04,11.76,20.1,44.12,88.24,42.45
2022-07-24,61.46,39.51,20.0,63.41,80.98,53.07
2022-07-25,51.94,81.07,26.7,48.54,40.29,49.71
2022-07-26,38.16,85.51,37.68,35.75,25.12,44.44
2022-07-27,25.48,91.83,35.1,23.56,23.08,39.81
2022-07-28,17.22,84.21,37.32,16.75,6.7,32.44
2022-07-29,20.48,97.14,30.0,18.1,9.52,35.05
2022-07-30,49.76,69.67,6.64,46.45,60.66,46.64
2022-07-31,51.42,77.83,4.25,48.58,88.21,54.06
2022-08-01,81.69,99.06,41.31,79.34,20.19,64.32
2022-08-02,58.41,100.0,41.12,58.41,74.77,66.54
2022-08-03,33.02,99.53,42.33,34.88,38.14,49.58
2022-08-04,33.8,99.07,45.37,35.19,53.24,53.33
2022-08-05,61.29,98.62,31.8,64.98,42.86,59.91
2022-08-06,63.3,94.04,33.49,61.01,93.58,69.08
2022-08-07,85.39,95.89,69.41,83.11,91.32,85.02
2022-08-08,55.0,97.27,57.27,54.55,61.82,65.18
2022-08-09,7.69,89.14,42.99,6.79,53.85,40.09
2022-08-10,20.72,84.23,40.09,20.27,43.24,41.71
2022-08-11,43.5,62.33,60.54,41.7,36.77,48.97
2022-08-12,87.95,48.21,34.82,86.61,58.93,63.3
2022-08-13,100.0,7.56,19.11,99.56,89.33,63.11
2022-08-14,100.0,26.99,17.26,99.56,94.25,67.61
2022-08-15,95.59,94.27,36.12,95.59,51.1,74.54
2022-08-16,78.95,62.72,35.09,78.51,31.58,57.37
2022-08-17,57.64,52.4,31.88,57.21,31.88,46.2
2022-08-18,57.39,58.26,23.48,56.96,28.26,44.87
2022-08-19,52.81,28.57,22.94,51.08,16.88,34.46
2022-08-20,76.29,7.33,9.91,73.71,80.17,49.48
2022-08-21,90.13,10.73,15.88,87.98,87.98,58.54
2022-08-22,86.32,52.14,33.33,83.76,45.73,60.26
2022-08-23,51.06,33.62,29.79,46.81,27.23,37.7
2022-08-24,68.22,41.53,36.86,64.83,38.98,50.08
2022-08-25,59.49,65.4,37.97,64.98,38.82,53.33
2022-08-26,53.78,64.29,44.54,52.1,7.98,44.54
2022-08-27,92.89,15.06,18.41,90.79,20.92,47.62
2022-08-28,94.58,29.17,22.08,94.17,19.58,51.92
2022-08-29,86.72,50.21,48.55,86.72,19.09,58.26
2022-08-30,52.07,76.03,53.72,52.07,10.33,48.84
2022-08-31,28.4,45.27,30.45,25.51,1.65,26.26
2022-09-01,40.57,86.07,49.59,41.8,17.62,47.13
2022-09-02,53.06,70.2,65.31,53.06,71.43,62.61
2022-09-03,71.54,18.7,63.41,66.67,65.04,57.07
2022-09-04,94.74,20.65,60.32,94.33,66.8,67.37
2022-09-05,85.89,88.71,76.21,84.27,58.47,78.71
2022-09-06,90.36,73.09,67.87,92.77,21.69,69.16
2022-09-07,82.0,60.0,67.2,81.6,28.0,63.76
2022-09-08,79.68,17.53,39.84,79.68,7.97,44.94
2022-09-09,92.06,48.81,19.44,90.48,3.57,50.87
2022-09-10,77.47,1.98,3.56,74.31,18.18,35.1
2022-09-11,93.31,3.54,15.75,92.52,81.5,57.32
2022-09-12,77.65,3.14,33.73,75.29,16.47,41.25
2022-09-13,78.12,10.94,28.12,76.56,19.14,42.58
2022-09-14,84.82,32.3,54.09,83.27,14.79,53.85
2022-09-15,94.57,87.98,37.6,94.19,17.44,66.36
2022-09-16,97.68,96.14,29.34,97.68,6.18,65.41
2022-09-17,100.0,45.77,18.85,100.0,39.62,60.85
2022-09-18,91.95,72.03,9.2,91.19,44.44,61.76
2022-09-19,86.26,82.82,25.19,85.11,27.86,61.45
2022-09-20,89.73,60.84,30.42,87.83,8.75,55.51
2022-09-21,90.15,48.48,40.91,87.88,18.18,57.12
2022-09-22,95.09,40.0,30.57,95.47,18.49,55.92
2022-09-23,96.24,75.94,28.57,96.24,25.56,64.51
2022-09-24,97.75,35.21,24.34,97.75,43.82,59.78
2022-09-25,95.52,27.99,11.57,95.52,47.01,55.52
2022-09-26,92.19,23.79,29.74,91.82,24.54,52.42
2022-09-27,93.7,67.78,32.22,93.7,40.37,65.56
2022-09-28,82.66,20.3,43.54,82.29,52.77,56.31
2022-09-29,80.15,19.12,29.04,80.15,13.24,44.34
2022-09-30,92.67,19.78,22.34,93.41,60.44,57.73
2022-10-01,98.54,23.72,17.88,98.54,84.31,64.6
2022-10-02,94.18,5.45,12.73,94.18,65.82,54.47
2022-10-03,80.07,0.72,36.23,79.35,13.04,41.88
2022-10-04,53.79,0.36,23.47,51.99,7.94,27.51
2022-10-05,3.24,0.72,66.91,3.24,12.23,17.27
2022-10-06,77.42,0.72,75.99,81.36,62.72,59.64
2022-10-07,75.0,1.43,61.43,74.64,51.79,52.86
2022-10-08,93.24,77.94,56.58,94.31,90.39,82.49
2022-10-09,75.53,39.72,34.04,74.47,95.74,63.9
2022-10-10,91.52,19.08,57.6,93.99,95.76,71.59
2022-10-11,84.86,32.39,66.9,88.38,82.75,71.06
2022-10-12,76.49,20.7,83.51,76.84,63.86,64.28
2022-10-13,90.21,34.97,56.29,91.61,63.64,67.34
2022-10-14,63.41,21.6,53.66,63.41,31.71,46.76
2022-10-15,97.57,33.68,37.85,97.57,76.39,68.61
2022-10-16,87.54,98.62,36.33,86.16,84.78,78.69
2022-10-17,81.38,74.14,45.86,81.03,68.97,70.28
2022-10-18,79.04,35.74,39.86,79.73,46.39,56.15
2022-10-19,74.32,39.04,68.15,73.97,36.99,58.49
2022-10-20,75.09,52.56,41.64,77.82,23.21,54.06
2022-10-21,59.52,24.15,26.87,65.99,45.58,44.42
2022-10-22,88.81,91.86,6.1,87.8,83.39,71.59
2022-10-23,94.93,94.59,17.23,94.93,87.5,77.84
2022-10-24,39.06,40.74,28.96,39.39,43.77,38.38
2022-10-25,74.5,24.83,34.9,79.19,39.26,50.54
2022-10-26,67.56,42.47,32.44,67.56,43.48,50.7
2022-10-27,67.67,66.67,49.0,68.33,50.33,60.4
2022-10-28,61.13,84.39,26.91,58.8,64.12,59.07
2022-10-29,94.04,12.91,14.57,94.04,96.36,62.38
2022-10-30,98.35,49.5,7.92,98.68,95.71,70.03
2022-10-31,97.7,89.8,34.54,97.7,84.87,80.92
2022-11-01,83.61,66.89,48.2,81.97,75.74,71.28
2022-11-02,75.16,40.52,45.42,74.18,67.97,60.65
2022-11-03,52.77,56.03,28.34,52.12,67.1,51.27
2022-11-04,64.29,94.48,38.96,63.64,61.04,64.48
2022-11-05,86.73,28.16,17.15,83.82,78.32,58.83
2022-11-06,95.81,86.13,38.06,95.81,80.0,79.16
2022-11-07,93.89,95.82,67.52,94.53,55.31,81.41
2022-11-08,68.27,77.56,47.44,69.55,34.29,59.42
2022-11-09,46.96,43.77,27.8,50.16,12.78,36.29
2022-11-10,71.97,67.2,19.75,70.38,12.42,48.34
2022-11-11,0.95,1.27,23.17,0.95,4.13,6.1
2022-11-12,96.2,85.76,9.81,96.84,55.38,68.8
2022-11-13,96.85,94.64,14.83,96.53,75.71,75.71
2022-11-14,94.97,98.74,29.25,95.28,62.58,76.16
2022-11-15,97.49,98.12,37.62,97.49,68.65,79.87
2022-11-16,80.0,90.0,28.75,78.75,92.81,74.06
2022-11-17,58.26,81.93,32.71,57.63,60.44,58.19
2022-11-18,87.89,84.16,31.68,87.89,27.64,63.85
2022-11-19,80.19,67.8,17.96,78.33,58.82,60.62
2022-11-20,87.04,87.04,59.26,86.42,94.14,82.78
2022-11-21,56.92,72.62,55.08,54.77,67.08,61.29
2022-11-22,41.41,82.82,41.72,41.41,37.73,49.02
2022-11-23,28.13,52.6,31.8,26.91,72.17,42.32
2022-11-24,57.32,88.72,30.79,55.18,63.72,59.15
2022-11-25,65.65,93.01,22.8,64.44,49.85,59.15
2022-11-26,86.36,82.42,34.24,86.36,68.18,71.52
2022-11-27,66.47,92.75,56.8,65.86,73.11,71.0
2022-11-28,44.88,99.4,38.55,44.28,49.4,55.3
2022-11-29,66.37,98.5,52.55,65.77,17.12,60.06
2022-11-30,26.65,96.41,33.23,23.95,42.51,44.55
2022-12-01,35.22,88.96,27.16,35.22,18.21,40.96
2022-12-02,43.15,90.77,50.3,41.37,36.31,52.38
2022-12-03,93.77,66.47,89.91,93.47,57.27,80.18
2022-12-04,86.39,87.57,83.14,84.91,80.18,84.44
2022-12-05,92.33,90.86,85.55,92.92,76.99,87.73
2022-12-06,71.18,65.88,77.06,69.41,75.29,71.76
2022-12-07,67.74,92.08,74.19,70.67,68.62,74.66
2022-12-08,33.33,84.21,75.73,35.09,34.8,52.63
2022-12-09,57.73,95.63,77.84,55.69,18.66,61.11
2022-12-10,62.5,60.47,53.78,62.21,66.28,61.05
2022-12-11,60.29,75.07,37.39,58.26,88.41,63.88
2022-12-12,70.23,80.92,44.8,67.05,63.87,65.38
2022-12-13,75.79,77.23,27.09,75.79,51.59,61.5
2022-12-14,62.07,72.99,21.84,62.36,19.54,47.76
2022-12-15,71.63,67.62,20.63,69.63,17.77,49.46
2022-12-16,85.14,78.29,24.86,89.43,61.71,67.89
2022-12-17,83.19,22.22,11.11,83.19,79.77,55.9
2022-12-18,58.52,45.17,15.34,54.26,84.94,51.65
2022-12-19,64.87,75.92,33.99,63.17,69.69,61.53
2022-12-20,64.69,48.31,20.9,64.12,31.64,45.93
2022-12-21,71.55,70.42,14.65,70.99,41.41,53.8
2022-12-22,91.29,85.39,19.1,90.73,30.34,63.37
2022-12-23,91.32,83.19,28.29,90.48,50.14,68.68
2022-12-24,96.93,77.65,5.31,96.37,71.79,69.61
2022-12-25,97.21,97.77,35.1,97.21,48.19,75.1
2022-12-26,99.72,100.0,29.72,99.44,83.33,82.44
2022-12-27,95.01,99.17,60.94,95.01,56.51,81.33
2022-12-28,95.3,99.17,50.0,95.3,27.62,73.48
2022-12-29,97.52,98.9,17.08,97.25,58.68,73.88
2022-12-30,93.68,100.0,46.15,93.68,47.53,76.21
2022-12-31,97.53,98.9,35.34,97.53,63.84,78.63
2023-01-01,96.72,96.99,16.39,96.72,81.69,77.7
2023-01-02,96.19,81.74,24.25,96.46,88.83,77.49
2023-01-03,87.5,96.47,23.37,86.14,65.49,71.79
2023-01-04,69.65,94.04,21.68,70.19,49.32,60.98
2023-01-05,53.78,91.62,6.22,53.51,49.46,50.92
2023-01-06,53.64,83.02,11.05,53.37,73.58,54.93
2023-01-07,71.51,46.51,1.34,66.94,71.24,51.51
2023-01-08,97.05,96.51,25.2,96.78,94.91,82.09
2023-01-09,95.45,98.93,68.45,95.72,91.44,90.0
2023-01-10,92.8,95.73,62.4,92.53,73.6,83.41
2023-01-11,89.36,95.21,49.47,89.36,78.46,80.37
2023-01-12,89.12,95.23,64.72,89.39,70.82,81.86
2023-01-13,89.42,95.5,56.35,90.48,61.11,78.57
2023-01-14,87.86,88.13,28.23,87.6,91.82,76.73
2023-01-15,99.47,91.05,23.16,99.47,94.74,81.58
2023-01-16,98.69,92.91,68.77,98.43,90.03,89.76
2023-01-17,98.17,98.43,81.68,98.17,76.96,90.68
2023-01-18,90.86,93.99,66.84,91.91,58.49,80.42
2023-01-19,92.19,85.94,64.58,91.67,44.79,75.83
2023-01-20,92.21,80.26,56.1,92.21,49.87,74.13
2023-01-21,96.89,71.24,50.26,96.89,69.17,76.89
2023-01-22,98.45,94.32,45.22,97.93,89.15,85.01
2023-01-23,96.65,73.45,61.34,96.39,87.37,83.04
2023-01-24,95.89,10.54,45.76,95.63,70.95,63.75
2023-01-25,96.92,11.79,55.13,97.18,66.41,65.49
2023-01-26,90.79,15.35,67.26,90.79,90.28,70.9
2023-01-27,91.33,14.03,70.66,91.58,90.56,71.63
2023-01-28,98.47,94.66,71.76,97.96,96.69,91.91
2023-01-29,95.94,96.45,88.32,96.19,96.95,94.77
2023-01-30,97.47,94.43,83.29,97.47,93.67,93.27
2023-01-31,94.95,91.41,78.79,95.2,73.74,86.82
2023-02-01,96.73,84.13,76.32,96.73,56.93,82.17
2023-02-02,89.45,85.43,63.32,89.7,67.59,79.1
2023-02-03,94.49,99.5,76.69,94.49,61.9,85.41
2023-02-04,96.5,99.25,67.5,96.75,84.0,88.8
2023-02-05,100.0,99.75,88.28,100.0,94.01,96.41
2023-02-06,99.5,95.27,85.57,99.25,52.49,86.42
2023-02-07,96.28,92.8,77.92,96.53,42.93,81.29
2023-02-08,93.07,94.8,70.54,92.82,45.54,79.36
2023-02-09,78.27,86.17,39.26,79.26,20.0,60.59
2023-02-10,88.67,91.63,53.94,87.93,67.98,78.03
2023-02-11,98.28,85.75,57.0,98.03,81.33,84.08
2023-02-12,91.67,94.61,67.4,91.67,80.88,85.25
2023-02-13,95.11,99.02,73.84,94.87,61.37,84.84
2023-02-14,94.63,91.71,54.63,94.39,52.68,77.61
2023-02-15,81.75,88.08,46.23,83.45,26.28,65.16
2023-02-16,83.98,92.23,60.19,83.98,64.81,77.04
2023-02-17,90.8,96.37,56.17,91.53,61.74,79.32
2023-02-18,93.72,96.38,42.27,93.48,88.41,82.85
2023-02-19,88.92,98.55,64.82,88.67,92.77,86.75
2023-02-20,96.88,97.84,80.77,96.63,78.12,90.05
2023-02-21,92.57,97.6,81.53,92.57,82.73,89.4
2023-02-22,84.45,90.43,43.78,84.69,68.18,74.31
2023-02-23,89.5,94.51,57.04,90.21,75.66,81.38
2023-02-24,91.9,99.05,46.43,92.86,79.52,81.95
2023-02-25,99.76,95.49,68.17,100.0,69.12,86.51
2023-02-26,96.21,92.65,27.49,96.21,84.83,79.48
2023-02-27,75.89,87.47,19.15,75.41,37.35,59.05
2023-02-28,86.32,93.16,65.57,86.32,55.66,77.41
2023-03-01,88.0,95.06,62.35,87.76,40.0,74.64
2023-03-02,94.84,89.67,44.13,94.84,74.18,79.53
2023-03-03,97.19,88.52,67.45,97.19,51.05,80.28
2023-03-04,98.6,88.55,75.47,98.83,70.09,86.31
2023-03-05,95.1,97.9,79.02,96.04,86.71,90.96
2023-03-06,90.0,91.4,82.33,91.4,83.49,87.72
2023-03-07,71.69,90.49,77.49,72.39,92.11,80.84
2023-03-08,63.89,82.18,63.66,64.12,91.44,73.06
2023-03-09,73.44,81.52,74.36,75.98,97.46,80.55
2023-03-10,67.74,87.56,45.39,68.66,94.01,72.67
2023-03-11,91.03,89.2,53.33,90.57,97.24,84.28
2023-03-12,88.07,90.83,62.84,87.84,97.71,85.46
2023-03-13,95.65,89.02,78.72,96.11,86.04,89.11
2023-03-14,86.76,84.02,66.21,86.53,84.7,81.64
2023-03-15,78.59,82.23,69.93,79.04,73.58,76.67
2023-03-16,84.09,87.05,57.5,84.09,73.41,77.23
2023-03-17,85.71,92.97,38.78,85.26,67.8,74.1
2023-03-18,95.48,82.81,54.07,95.25,95.48,84.62
2023-03-19,88.94,89.62,73.36,88.94,96.16,87.4
2023-03-20,89.86,98.87,83.78,89.41,88.51,90.09
2023-03-21,97.53,99.55,80.22,97.75,72.36,89.48
2023-03-22,17.04,6.5,37.22,17.04,2.24,16.01
2023-03-24,0.45,0.22,2.46,0.22,4.7,1.61
2023-03-25,74.11,0.45,5.58,74.33,31.47,37.19
2023-03-26,80.4,7.35,23.16,80.18,49.67,48.15
2023-03-27,51.78,2.22,31.78,50.22,31.78,33.56
2023-03-28,18.4,0.67,7.98,17.07,47.01,18.23
2023-03-29,65.04,1.11,38.5,63.72,21.46,37.96
2023-03-30,69.09,3.09,44.81,69.76,14.13,40.18
2023-03-31,80.4,2.64,27.53,80.84,44.49,47.18
2023-04-01,81.1,1.1,14.51,80.44,25.05,40.44
2023-04-02,76.32,0.88,28.95,77.19,45.61,45.79
2023-04-03,64.77,2.19,86.43,63.68,38.51,51.12
2023-04-04,63.1,3.28,65.28,62.66,39.52,46.77
2023-04-05,58.82,3.05,34.64,58.39,50.98,41.18
2023-04-06,76.52,10.87,50.65,76.09,38.26,50.48
2023-04-07,71.58,4.34,20.17,72.02,60.3,45.68
2023-04-08,76.41,6.06,28.14,78.57,91.56,56.15
2023-04-09,87.04,4.97,30.67,86.61,85.31,58.92
2023-04-10,92.67,12.93,47.41,92.46,74.35,63.97
2023-04-11,87.53,8.17,46.67,88.6,69.89,60.17
2023-04-12,76.18,7.51,42.49,76.39,41.85,48.88
2023-04-13,80.94,6.21,25.27,80.73,14.78,41.58
2023-04-14,68.16,7.26,25.85,67.95,7.91,35.43
2023-04-15,79.32,6.82,19.83,79.74,69.3,51.0
2023-04-16,97.45,5.11,39.57,97.23,86.6,65.19
2023-04-17,66.03,5.1,21.66,64.76,16.14,34.73
2023-04-18,38.35,5.3,3.39,37.29,3.6,17.58
2023-04-19,27.91,0.63,4.23,27.27,9.51,13.91
2023-04-20,32.91,21.52,5.7,33.54,14.14,21.56
2023-04-21,39.79,32.63,6.32,36.21,29.26,28.84
2023-04-22,61.76,12.18,1.47,60.29,59.45,39.03
2023-04-23,66.04,22.22,0.42,64.36,87.42,48.09
2023-04-24,70.29,59.0,2.93,71.97,48.12,50.46
2023-04-25,44.05,23.38,5.43,44.89,35.49,30.65
2023-04-26,27.92,29.79,4.17,29.58,42.29,26.75
2023-04-27,61.54,26.2,12.68,61.54,16.01,35.59
2023-04-28,21.37,41.49,15.77,20.95,39.42,27.8
2023-04-29,60.87,9.32,25.26,59.83,81.37,47.33
2023-04-30,92.56,4.75,8.47,92.36,78.93,55.41
2023-05-01,73.81,8.87,11.55,73.81,58.56,45.32
2023-05-02,65.23,2.06,8.64,64.2,7.61,29.55
2023-05-03,35.93,2.46,22.38,35.11,81.31,35.44
2023-05-04,44.88,9.84,30.94,42.62,89.75,43.61
2023-05-05,65.24,16.16,27.2,63.8,61.96,46.87
2023-05-06,67.14,14.9,75.1,64.69,60.61,56.49
2023-05-07,67.21,9.16,19.14,64.97,79.23,47.94
2023-05-08,61.99,32.93,15.45,61.18,54.07,45.12
2023-05-09,31.03,28.8,11.97,33.27,56.8,32.37
2023-05-10,11.13,15.38,7.69,11.34,43.12,17.73
2023-05-11,19.6,16.97,4.04,21.21,23.43,17.05
2023-05-12,4.23,14.11,2.02,4.23,22.98,9.52
2023-05-13,74.25,9.05,1.01,74.45,60.56,43.86
2023-05-14,44.58,4.62,1.2,44.98,73.69,33.82
2023-05-15,53.71,18.04,26.45,52.91,22.44,34.71
2023-05-16,23.0,20.4,16.4,23.0,13.8,19.32
2023-05-17,32.14,25.75,12.77,31.94,4.59,21.44
2023-05-18,64.74,64.34,10.36,68.13,12.95,44.1
2023-05-19,76.94,67.0,16.7,82.31,10.93,50.78
2023-05-20,99.4,38.89,5.36,99.21,11.9,50.95
2023-05-21,99.21,21.39,1.98,99.01,38.02,51.92
2023-05-22,62.85,37.15,7.91,64.23,12.45,36.92
2023-05-23,53.25,11.24,8.68,52.27,3.16,25.72
2023-05-24,57.87,22.83,11.02,57.48,6.3,31.1
2023-05-25,33.4,23.77,9.23,33.6,27.5,25.5
2023-05-26,36.27,16.67,11.96,38.43,22.35,25.14
2023-05-27,63.6,14.68,5.09,62.43,22.11,33.58
2023-05-28,85.16,7.23,2.34,84.77,42.77,44.45
2023-05-29,68.42,37.62,4.68,67.84,15.79,38.87
2023-05-30,30.93,51.95,7.0,30.54,54.86,35.06
2023-05-31,31.26,63.5,18.45,29.9,10.87,30.8
2023-06-01,48.06,30.23,16.47,46.51,14.73,31.2
2023-06-02,76.6,52.61,11.61,76.98,8.12,45.18
2023-06-03,100.0,19.69,0.39,100.0,6.76,45.37
2023-06-04,99.42,75.53,10.79,99.42,36.8,64.39
2023-06-05,75.0,11.54,21.15,74.23,15.96,39.58
2023-06-06,57.77,15.55,18.81,57.01,32.44,36.31
2023-06-07,54.21,17.24,13.79,52.3,9.39,29.39
2023-06-08,59.66,18.55,3.25,58.89,31.36,34.34
2023-06-09,13.17,11.64,2.1,12.21,54.58,18.74
2023-06-10,43.05,8.95,1.33,41.33,79.43,34.82
2023-06-11,69.01,9.32,7.03,67.3,57.41,42.02
2023-06-12,56.17,18.98,10.25,55.03,22.58,32.6
2023-06-13,43.94,15.91,10.04,43.56,27.84,28.26
2023-06-14,32.33,14.93,12.67,33.27,16.07,21.85
2023-06-15,54.72,18.49,16.42,52.45,3.4,29.09
2023-06-16,52.92,33.33,6.78,51.04,7.72,30.36
2023-06-17,74.44,12.22,2.07,73.12,46.24,41.62
2023-06-18,78.61,58.16,0.38,77.86,35.46,50.09
2023-06-19,75.47,67.23,3.0,74.72,15.92,47.27
2023-06-20,79.81,68.79,2.43,80.19,6.54,47.55
2023-06-21,78.36,37.13,6.72,77.8,8.58,41.72
2023-06-22,76.91,10.99,2.23,75.79,1.3,33.45
2023-06-23,83.46,5.58,2.79,82.9,3.9,35.72
2023-06-24,87.2,9.28,0.74,86.64,74.77,51.73
2023-06-25,59.44,14.63,0.37,57.96,44.07,35.3
2023-06-26,56.75,24.03,2.96,54.34,9.98,29.61
2023-06-27,34.5,10.7,0.92,36.35,2.21,16.94
2023-06-28,11.97,19.15,0.74,12.52,5.52,9.98
2023-06-29,8.64,19.85,0.55,9.19,1.47,7.94
2023-06-30,14.5,25.69,1.28,17.25,3.67,12.48
2023-07-01,71.06,8.06,3.3,70.7,17.95,34.21
2023-07-02,21.94,9.87,1.28,21.02,63.8,23.58
2023-07-03,48.36,29.93,20.07,51.09,31.75,36.24
2023-07-04,76.68,28.42,6.38,79.96,39.53,46.19
2023-07-05,29.45,27.09,12.73,40.18,47.64,31.42
2023-07-06,21.05,58.44,21.96,29.04,19.42,29.98
2023-07-07,18.48,39.67,3.26,25.18,27.54,22.83
2023-07-08,56.6,10.13,2.35,56.6,33.45,31.83
2023-07-09,60.65,16.25,1.44,61.01,48.19,37.51
2023-07-10,54.23,33.33,6.31,52.79,8.65,31.06
2023-07-11,30.4,18.35,6.12,30.22,2.7,17.55
2023-07-12,28.9,21.01,5.57,29.98,3.77,17.85
2023-07-13,53.76,27.06,4.48,54.84,8.6,29.75
2023-07-14,82.83,30.95,3.04,83.18,1.43,40.29
2023-07-15,91.96,13.75,5.18,91.96,6.96,41.96
2023-07-16,85.2,14.8,4.1,84.85,14.8,40.75
2023-07-17,75.27,68.51,28.29,75.09,53.74,60.18
2023-07-18,63.59,47.25,23.8,61.63,30.2,45.29
2023-07-19,73.05,60.99,15.25,72.16,19.33,48.16
2023-07-20,68.14,46.73,18.58,67.61,41.59,48.53
2023-07-21,53.0,74.91,12.54,51.59,29.15,44.24
2023-07-22,73.9,91.18,10.93,73.72,91.01,68.15
2023-07-23,79.23,75.88,2.46,77.99,91.02,65.32
2023-07-24,47.98,89.63,12.48,48.33,67.66,53.22
2023-07-25,44.04,83.16,25.79,43.16,22.46,43.72
2023-07-26,55.87,74.43,5.6,54.99,19.61,42.1
2023-07-27,59.44,35.84,23.08,60.49,16.26,39.02
2023-07-28,31.76,35.78,6.81,32.29,7.16,22.76
2023-07-29,74.91,15.85,1.22,74.22,30.49,39.34
2023-07-30,69.74,28.35,3.83,68.87,92.7,52.7
2023-07-31,47.74,48.44,31.94,48.26,56.94,46.67
2023-08-01,34.14,30.85,20.8,36.57,52.17,34.9
2023-08-02,22.32,42.04,14.71,22.84,86.16,37.61
2023-08-03,65.46,33.51,22.97,64.59,60.62,49.43
2023-08-04,59.31,29.66,34.48,59.31,59.31,48.41
2023-08-05,87.44,16.87,24.78,86.75,88.3,60.83
2023-08-06,88.49,38.83,17.87,88.32,93.47,65.4
2023-08-07,74.27,22.13,17.84,73.07,60.38,49.54
2023-08-08,51.2,24.66,21.58,48.97,35.96,36.47
2023-08-09,56.41,45.13,20.34,56.24,24.27,40.48
2023-08-10,59.56,25.09,39.25,60.41,51.54,47.17
2023-08-11,68.48,74.96,28.96,68.31,49.06,57.96
2023-08-12,70.24,16.67,2.89,69.73,75.51,47.01
2023-08-13,56.54,16.64,5.09,53.48,78.95,42.14
2023-08-14,67.63,16.1,14.07,66.61,33.39,39.56
2023-08-15,57.7,45.35,25.04,56.35,27.24,42.34
2023-08-16,19.59,24.16,18.41,18.58,4.56,17.06
2023-08-17,55.99,69.98,9.78,55.14,23.27,42.83
2023-08-18,65.49,92.93,10.94,66.5,38.72,54.92
2023-08-19,80.5,82.86,4.03,80.0,78.66,65.21
2023-08-20,83.72,80.2,10.74,83.72,85.91,68.86
2023-08-21,91.62,90.79,22.78,90.95,44.22,68.07
2023-08-22,89.46,81.61,5.52,89.8,10.37,55.35
2023-08-23,99.83,86.31,17.7,99.83,34.72,67.68
2023-08-24,98.83,74.33,11.83,98.67,2.83,57.3
2023-08-25,91.85,75.37,4.83,91.68,5.16,53.78
2023-08-26,96.01,24.75,1.99,95.68,24.58,48.6
2023-08-27,76.29,48.09,5.97,77.28,62.19,53.96
2023-08-28,77.98,62.25,13.08,80.13,19.37,50.56
2023-08-29,58.84,36.69,3.31,60.66,10.58,34.02
2023-08-30,49.83,64.85,24.92,50.66,28.55,43.76
2023-08-31,60.3,80.72,9.23,60.96,17.96,45.83
2023-09-01,81.91,63.65,19.41,82.24,24.34,54.31
2023-09-02,98.69,78.82,5.42,98.52,46.47,65.58
2023-09-03,92.79,83.28,5.25,93.28,73.93,69.7
2023-09-04,95.91,96.56,29.46,95.09,41.73,71.75
2023-09-05,90.03,61.44,26.8,89.87,2.12,54.05
2023-09-06,88.91,83.69,35.07,89.07,45.19,68.38
2023-09-07,94.95,93.0,26.22,94.79,7.65,63.32
2023-09-08,99.19,86.02,17.56,99.02,46.83,69.72
2023-09-09,100.0,94.48,46.27,100.0,22.89,72.73
2023-09-10,100.0,76.99,41.98,100.0,66.29,77.05
2023-09-11,98.71,76.86,39.81,98.54,47.73,72.33
2023-09-12,71.89,36.35,38.29,72.54,6.46,45.11
2023-09-13,40.32,82.58,41.13,41.45,16.45,44.39
2023-09-14,43.96,59.26,26.73,44.61,7.41,36.39
2023-09-15,62.86,90.03,33.92,63.83,10.93,52.32
2023-09-16,84.11,83.47,11.88,83.95,53.45,63.37
2023-09-17,84.62,92.79,29.17,84.29,84.94,75.16
2023-09-18,61.92,84.64,60.0,62.08,37.92,61.31
2023-09-19,89.94,85.14,56.71,89.78,42.17,72.75
2023-09-20,80.38,75.28,55.82,81.02,28.23,64.15
2023-09-21,71.34,66.72,34.39,71.82,35.51,55.96
2023-09-22,84.58,79.17,28.93,84.58,24.01,60.25
2023-09-23,95.4,77.78,8.73,94.6,29.68,61.24
2023-09-24,91.92,66.56,6.5,91.76,89.86,69.32
2023-09-25,67.88,47.63,37.18,67.41,59.81,55.98
2023-09-26,79.15,88.47,27.96,78.83,39.81,62.84
2023-09-27,47.16,68.77,31.55,45.9,12.15,41.1
2023-09-28,28.66,64.88,29.45,27.87,23.94,34.96
2023-09-29,44.34,11.16,27.2,43.87,22.01,29.72
2023-09-30,85.56,4.71,13.81,84.93,37.52,45.31
2023-10-01,80.88,9.4,9.09,79.31,78.68,51.47
2023-10-02,42.72,4.69,22.22,41.78,17.84,25.85
2023-10-03,62.5,4.06,20.47,62.97,6.88,31.38
2023-10-04,46.8,2.18,11.54,45.55,3.74,21.97
2023-10-05,61.06,2.34,33.64,59.66,53.58,42.06
2023-10-06,73.41,5.44,33.28,73.72,48.99,46.97
2023-10-07,79.35,20.5,26.24,79.35,99.53,60.99
2023-10-08,72.56,15.35,66.2,71.63,99.84,65.12
2023-10-09,41.18,15.94,95.82,42.11,99.69,58.95
2023-10-10,24.27,29.98,93.2,24.88,99.07,54.28
2023-10-11,27.16,22.53,87.65,26.08,98.77,52.44
2023-10-12,24.35,7.86,87.98,24.35,98.77,48.66
2023-10-13,29.08,27.69,92.92,30.31,98.77,55.75
2023-10-14,77.73,20.89,89.4,76.96,98.77,72.75
2023-10-15,55.21,16.72,94.17,53.83,99.08,63.8
2023-10-16,19.6,40.12,94.95,18.07,97.86,54.12
2023-10-17,47.09,67.43,93.27,47.09,98.32,70.64
2023-10-18,29.62,50.23,94.96,34.05,98.32,61.44
2023-10-19,57.93,50.46,94.21,57.93,96.04,71.31
2023-10-20,42.16,30.44,91.93,43.99,96.35,60.97
2023-10-21,59.27,7.14,84.35,58.21,97.26,61.25
2023-10-22,73.14,9.26,89.83,72.84,97.88,68.59
2023-10-23,57.88,11.82,92.27,58.79,92.42,62.64
2023-10-24,0.61,17.1,89.86,0.61,92.13,40.06
2023-10-25,22.21,20.54,87.16,21.6,89.43,48.19
2023-10-26,41.03,33.03,80.84,40.87,93.21,57.8
2023-10-27,39.76,16.42,83.13,40.96,93.37,54.73
2023-10-28,72.63,9.62,60.9,73.38,96.99,62.71
2023-10-29,68.92,5.26,75.23,68.92,95.65,62.79
2023-10-30,56.67,54.27,84.11,55.77,89.51,68.07
2023-10-31,15.12,55.99,80.09,14.52,85.63,50.27
2023-11-01,27.06,39.91,81.91,26.31,88.19,52.68
2023-11-02,49.1,39.25,73.13,48.21,84.93,58.93
2023-11-03,35.02,39.94,61.85,35.62,88.08,52.1
2023-11-04,95.68,11.01,48.66,94.79,92.86,68.6
2023-11-05,74.0,12.48,60.03,73.4,94.5,62.88
2023-11-06,51.93,33.53,80.42,55.93,89.17,62.2
2023-11-07,29.19,28.44,74.67,29.93,75.85,47.61
2023-11-08,10.65,19.23,65.24,12.13,72.63,35.98
2023-11-09,31.31,38.7,61.6,29.99,86.12,49.54
2023-11-10,45.87,61.21,61.36,52.21,80.53,60.24
2023-11-11,33.43,15.32,49.19,35.49,91.02,44.89
2023-11-12,5.88,8.97,65.29,7.21,95.29,36.53
2023-11-13,17.91,44.79,78.71,18.36,80.91,48.14
2023-11-14,21.41,42.23,56.45,22.43,58.21,40.15
2023-11-15,39.39,56.52,60.18,46.27,57.98,52.06
2023-11-16,32.6,67.11,53.51,45.61,55.99,50.96
2023-11-17,20.0,18.98,51.82,22.34,54.6,33.55
2023-11-18,39.65,6.71,35.86,38.92,81.63,40.55
2023-11-19,91.41,7.71,45.27,91.41,88.79,64.92
2023-11-20,56.1,35.61,43.9,55.23,44.77,47.12
2023-11-21,70.1,18.58,46.88,70.1,51.81,51.49
2023-11-22,43.19,15.22,49.42,43.77,58.99,42.12
2023-11-23,44.86,17.22,54.27,44.14,75.98,47.29
2023-11-24,42.2,31.65,43.5,43.64,78.32,47.86
2023-11-25,68.83,4.18,28.57,68.4,94.95,52.99
2023-11-26,73.78,5.76,30.84,72.77,95.39,55.71
2023-11-27,44.46,20.29,58.56,46.91,74.39,48.92
2023-11-28,39.66,27.44,58.48,38.51,55.6,43.94
2023-11-29,37.59,13.34,53.95,36.73,39.74,36.27
2023-11-30,57.02,47.99,82.09,56.16,56.16,59.89
2023-12-01,54.94,37.34,63.38,58.23,69.96,56.77
2023-12-02,22.0,10.14,70.14,20.43,83.0,41.14
2023-12-03,58.06,8.13,55.21,56.63,96.72,54.95
2023-12-04,45.73,22.93,63.39,44.3,76.5,50.57
2023-12-05,66.43,64.72,73.4,65.86,67.57,67.6
2023-12-06,46.31,32.53,65.91,45.45,50.43,48.12
2023-12-07,11.21,17.16,57.87,12.34,66.52,33.02
2023-12-08,22.38,28.61,45.75,21.25,64.73,36.54
2023-12-09,73.55,24.05,63.93,72.84,75.53,61.98
2023-12-10,18.79,16.81,57.49,16.95,78.53,37.71
2023-12-11,31.73,26.66,45.7,30.61,38.22,34.58
2023-12-12,6.06,13.38,47.18,6.2,69.44,28.45
2023-12-13,5.34,19.13,58.65,5.63,61.74,30.1
2023-12-14,1.83,19.66,42.98,1.97,43.96,22.08
2023-12-15,0.7,8.13,38.29,1.68,44.88,18.74
2023-12-16,17.37,6.02,39.36,16.25,78.29,31.46
2023-12-17,12.87,10.91,21.12,11.47,89.09,29.09
2023-12-18,23.32,13.83,60.61,23.74,72.07,38.72
2023-12-19,4.04,41.42,47.56,4.32,70.01,33.47
2023-12-20,1.53,18.52,43.18,1.53,71.87,27.33
2023-12-21,0.42,7.93,33.38,0.42,70.38,22.5
2023-12-22,1.94,10.28,28.47,1.94,73.61,23.25
2023-12-23,42.02,1.25,18.45,41.33,89.88,38.59
2023-12-24,61.77,3.05,40.72,58.86,93.63,51.61
2023-12-25,72.06,81.47,54.91,69.85,92.53,74.16
2023-12-26,58.29,23.76,34.81,56.77,92.54,53.23
2023-12-27,33.93,13.38,42.9,31.86,76.28,39.67
2023-12-28,20.39,12.12,35.54,18.32,70.39,31.35
2023-12-29,19.39,49.79,42.92,19.39,93.26,44.95
2023-12-30,55.08,15.25,30.77,53.43,93.54,49.62
2023-12-31,51.71,19.48,40.47,49.52,97.39,51.71
2024-01-01,90.82,34.38,26.16,89.86,93.7,66.99
2024-01-02,23.97,48.22,40.55,23.01,93.7,45.89
2024-01-03,6.03,8.9,37.4,5.48,93.01,30.16
2024-01-04,3.97,23.97,43.7,3.29,91.1,33.21
2024-01-05,19.73,10.27,25.21,18.22,87.12,32.11
2024-01-06,20.96,2.88,39.73,18.08,93.42,35.01
2024-01-07,40.0,8.08,27.26,37.53,90.82,40.74
2024-01-08,38.49,20.27,34.93,38.36,71.92,40.79
2024-01-09,10.27,13.29,18.22,9.73,47.4,19.78
2024-01-10,10.0,40.68,45.07,9.04,59.32,32.82
2024-01-11,5.07,40.96,32.47,4.52,60.68,28.74
2024-01-12,7.67,39.04,84.93,7.67,93.97,46.66
2024-01-13,27.53,43.42,55.48,25.34,93.84,49.12
2024-01-14,28.22,24.25,27.67,26.44,92.33,39.78
2024-01-15,5.89,19.32,46.71,5.34,86.03,32.66
2024-01-16,1.37,17.53,50.41,1.78,77.4,29.7
2024-01-17,2.6,23.15,42.88,2.19,77.12,29.59
2024-01-18,19.86,14.93,46.44,18.08,85.62,36.99
2024-01-19,41.23,28.9,43.15,40.0,74.38,45.53
2024-01-20,59.32,6.99,24.66,57.26,86.85,47.01
2024-01-21,72.6,11.78,39.04,71.1,91.92,57.29
2024-01-22,5.34,7.67,33.84,4.52,78.77,26.03
2024-01-23,0.68,2.74,22.74,0.41,68.9,19.1
2024-01-24,6.58,11.23,13.15,6.71,51.78,17.89
2024-01-25,10.96,30.14,8.08,10.41,47.12,21.34
2024-01-26,9.73,23.15,20.68,8.77,52.88,23.04
2024-01-27,7.53,6.3,51.64,7.95,85.34,31.75
2024-01-28,53.15,11.23,63.15,50.41,93.42,54.27
2024-01-29,4.38,8.22,61.92,3.84,87.4,33.15
2024-01-30,1.64,11.23,58.36,1.51,73.01,29.15
2024-01-31,1.78,17.67,39.59,1.78,57.26,23.62
2024-02-01,26.58,20.14,40.41,25.89,50.0,32.6
2024-02-02,4.11,11.37,30.0,3.7,56.58,21.15
2024-02-03,21.1,1.37,74.79,25.21,94.79,43.45
2024-02-04,9.32,13.97,52.6,8.77,90.41,35.01
2024-02-05,2.47,15.62,33.84,2.33,60.82,23.01
2024-02-06,3.7,10.41,51.92,2.6,36.71,21.07
2024-02-07,7.53,8.77,30.14,7.81,55.48,21.95
2024-02-08,2.33,3.42,19.45,1.92,52.33,15.89
2024-02-09,1.1,0.82,13.84,0.82,63.01,15.92
2024-02-10,11.1,1.92,10.96,10.27,76.58,22.16
2024-02-11,0.96,0.41,19.32,0.68,90.68,22.41
2024-02-12,14.66,0.41,23.42,12.74,76.71,25.59
2024-02-13,11.51,0.82,14.25,11.92,53.97,18.49
2024-02-14,5.48,0.41,12.88,8.77,35.21,12.55
2024-02-15,6.58,0.41,14.52,5.89,62.88,18.05
2024-02-16,11.1,0.27,9.32,10.27,34.93,13.18
2024-02-17,26.16,2.05,15.07,24.38,50.41,23.62
2024-02-18,22.19,42.19,37.4,22.33,66.99,38.22
2024-02-19,13.15,28.9,17.95,13.01,56.16,25.84
2024-02-20,5.75,25.34,29.18,5.48,46.99,22.55
2024-02-21,16.85,12.74,22.05,17.12,22.05,18.16
2024-02-22,29.32,31.78,19.18,30.27,36.44,29.4
2024-02-23,52.05,16.85,13.29,54.11,31.78,33.62
2024-02-24,35.89,6.03,19.45,34.25,70.55,33.23
2024-02-25,29.86,2.19,27.26,28.9,78.22,33.29
2024-02-26,12.88,10.41,16.3,12.74,35.21,17.51
2024-02-27,0.82,5.48,16.03,0.55,25.07,9.59
2024-02-28,0.96,10.82,14.38,0.82,20.0,9.4
2024-02-29,6.16,12.47,6.85,5.34,30.68,12.3
2024-03-01,9.18,21.78,30.41,7.95,11.1,16.08
2024-03-02,27.53,4.38,10.14,26.3,71.78,28.03
2024-03-03,19.73,10.14,22.05,18.49,88.36,31.75
2024-03-04,25.48,33.97,26.3,24.93,55.21,33.18
2024-03-05,25.34,39.32,7.4,26.3,47.12,29.1
2024-03-06,1.78,24.93,12.47,1.78,40.27,16.25
2024-03-07,15.07,46.58,19.32,14.66,34.79,26.08
2024-03-08,21.23,39.32,16.99,21.37,52.05,30.19
2024-03-09,20.96,6.3,12.6,20.0,69.86,25.95
2024-03-10,52.88,3.97,40.96,50.68,77.26,45.15
2024-03-11,10.82,9.32,7.81,13.7,49.04,18.14
2024-03-12,20.68,24.79,13.42,22.33,46.71,25.59
2024-03-13,3.01,21.78,13.56,3.56,50.27,18.44
2024-03-14,21.64,21.37,19.32,22.33,14.52,19.84
2024-03-15,5.07,8.36,9.86,4.93,49.18,15.48
2024-03-16,48.63,4.66,26.16,46.99,66.03,38.49
2024-03-17,29.04,3.7,21.23,27.95,87.53,33.89
2024-03-18,12.47,19.18,28.77,12.88,48.9,24.44
2024-03-19,28.49,35.75,19.04,28.08,25.75,27.42
2024-03-20,7.67,28.9,16.3,11.64,18.49,16.6
2024-03-21,19.86,42.6,13.97,19.32,38.9,26.93
2024-03-22,3.97,22.19,29.18,6.03,87.95,29.86
2024-03-23,37.26,6.03,2.33,35.48,99.86,36.19
2024-03-24,3.56,2.19,5.48,2.88,99.18,22.66
2024-03-25,0.14,37.26,10.27,0.14,96.44,28.85
2024-03-26,0.27,21.92,17.67,0.27,92.05,26.44
2024-03-27,5.07,31.23,11.51,5.07,79.04,26.38
2024-03-28,1.51,28.08,7.95,1.64,71.92,22.22
2024-03-29,7.12,30.82,10.68,6.99,81.1,27.34
2024-03-30,6.58,2.05,2.6,5.62,85.21,20.41
2024-03-31,23.97,1.64,0.82,23.15,85.21,26.96
2024-04-01,16.99,32.05,8.77,17.4,80.14,31.07
2024-04-02,0.55,14.79,34.11,0.55,84.52,26.9
2024-04-03,3.56,25.34,8.63,3.29,65.07,21.18
2024-04-04,2.05,1.1,7.67,2.05,81.64,18.9
2024-04-05,5.34,0.41,23.97,4.93,80.82,23.1
2024-04-06,17.95,2.6,5.34,18.63,86.03,26.11
2024-04-07,20.41,38.08,18.36,19.86,91.78,37.7
2024-04-08,13.56,26.85,14.52,13.29,62.6,26.16
2024-04-09,1.23,29.45,28.49,1.64,32.6,18.68
2024-04-10,3.42,30.0,15.07,3.97,39.32,18.36
2024-04-11,2.47,37.4,21.78,2.33,56.71,24.14
2024-04-12,10.0,60.41,39.04,10.14,76.99,39.32
2024-04-13,28.08,6.99,59.32,27.81,98.22,44.08
2024-04-14,10.55,7.67,99.86,9.18,100.0,45.45
2024-04-15,6.85,23.84,97.26,6.3,98.77,46.6
2024-04-16,13.15,49.04,90.14,15.21,94.79,52.47
2024-04-17,3.42,24.52,68.36,4.25,84.25,36.96
2024-04-18,8.49,45.34,63.42,13.7,76.71,41.53
2024-04-19,17.81,43.42,94.11,18.36,95.48,53.84
2024-04-20,17.81,27.81,72.05,26.44,84.11,45.64
2024-04-21,44.66,44.38,47.53,45.21,80.41,52.44
2024-04-22,13.7,47.67,64.38,15.21,49.59,38.11
2024-04-23,4.25,55.75,36.85,5.07,48.22,30.03
2024-04-24,2.33,57.81,21.78,2.47,56.71,28.22
2024-04-25,4.25,36.16,12.6,4.38,42.74,20.03
2024-04-26,5.21,47.81,8.63,6.16,41.78,21.92
2024-04-27,3.01,11.23,30.14,2.74,80.14,25.45
2024-04-28,3.84,56.85,20.14,3.29,76.71,32.16
2024-04-29,0.41,19.73,26.3,0.41,41.51,17.67
2024-04-30,0.82,30.41,36.3,0.82,49.04,23.48
2024-05-01,0.41,6.16,15.62,0.41,63.01,17.12
2024-05-02,1.78,3.84,27.67,1.64,51.78,17.34
2024-05-03,3.56,2.47,22.74,3.97,44.25,15.4
2024-05-04,32.47,7.95,10.55,31.37,62.47,28.96
2024-05-05,12.6,14.11,6.16,10.68,88.22,26.36
2024-05-06,21.51,63.84,25.21,19.59,74.25,40.88
2024-05-07,9.18,30.41,25.75,8.49,61.51,27.07
2024-05-08,12.74,43.56,25.21,13.7,71.64,33.37
2024-05-09,3.15,32.19,8.22,3.01,57.67,20.85
2024-05-10,3.29,37.95,16.3,3.29,43.42,20.85
2024-05-11,3.56,20.27,6.3,2.88,73.84,21.37
2024-05-12,5.34,8.49,4.93,3.7,86.44,21.78
2024-05-13,7.26,24.66,7.53,6.85,49.86,19.23
2024-05-14,7.12,23.01,33.01,6.99,51.23,24.27
2024-05-15,4.52,47.12,35.48,4.25,51.1,28.49
2024-05-16,2.19,66.99,34.52,2.05,57.12,32.58
2024-05-17,7.12,64.93,7.12,7.26,66.71,30.63
2024-05-18,34.38,19.32,6.16,33.56,84.52,35.59
2024-05-19,10.68,16.58,20.68,9.59,90.14,29.53
2024-05-20,28.77,58.36,45.89,27.95,76.85,47.56
2024-05-21,1.92,30.27,23.29,1.78,49.32,21.32
2024-05-22,1.1,23.97,27.12,1.1,35.07,17.67
2024-05-23,1.92,46.3,3.7,2.19,15.89,14.0
2024-05-24,4.52,40.27,16.85,3.84,35.21,20.14
2024-05-25,61.1,11.78,0.27,61.37,65.07,39.92
2024-05-26,67.67,35.21,0.41,68.9,81.92,50.82
2024-05-27,19.04,61.78,16.3,19.86,70.96,37.59
2024-05-28,17.12,39.18,18.9,16.99,51.1,28.66
2024-05-29,9.04,48.9,22.6,8.36,48.63,27.51
2024-05-30,8.36,38.22,17.12,9.32,41.64,22.93
2024-05-31,10.82,42.05,31.64,11.51,71.37,33.48
2024-06-01,76.03,20.68,16.16,75.62,78.08,53.32
2024-06-02,59.86,56.71,30.82,59.04,65.07,54.3
2024-06-03,48.36,55.21,33.56,46.71,21.37,41.04
2024-06-04,83.56,27.53,12.6,82.47,18.22,44.88
2024-06-05,44.25,24.11,23.56,43.29,31.1,33.26
2024-06-06,12.74,26.58,27.67,11.92,52.6,26.3
2024-06-07,10.27,34.79,12.05,9.59,35.89,20.52
2024-06-08,29.04,11.1,34.11,27.53,79.59,36.27
2024-06-09,72.47,7.12,2.74,70.96,56.71,42.0
2024-06-10,34.38,5.48,6.44,32.47,10.96,17.95
2024-06-11,4.93,29.45,16.3,4.38,22.05,15.42
2024-06-12,2.33,41.51,22.47,2.88,9.32,15.7
2024-06-13,1.23,19.04,22.74,1.23,18.49,12.55
2024-06-14,12.33,21.23,10.14,12.33,21.37,15.48
2024-06-15,53.97,39.18,4.52,56.44,46.03,40.03
2024-06-16,61.1,39.45,14.52,65.89,72.33,50.66
2024-06-17,23.15,39.18,3.84,23.15,16.85,21.23
2024-06-18,10.41,38.08,8.36,10.27,3.56,14.14
2024-06-19,8.22,38.49,27.26,7.81,14.66,19.29
2024-06-20,21.51,53.15,50.55,21.78,30.27,35.45
2024-06-21,20.41,20.68,8.08,19.45,32.47,20.22
2024-06-22,38.49,13.7,7.26,36.03,69.59,33.01
2024-06-23,24.66,24.25,8.22,22.6,87.81,33.51
2024-06-24,1.37,24.79,6.44,1.23,69.32,20.63
2024-06-25,2.47,23.15,5.48,2.19,30.55,12.77
2024-06-26,4.66,20.27,7.67,3.97,29.73,13.26
2024-06-27,9.18,25.07,3.01,9.59,17.95,12.96
2024-06-28,6.16,16.03,11.23,6.58,35.62,15.12
2024-06-29,32.33,11.37,2.88,27.95,60.55,27.01
2024-06-30,41.51,15.21,0.14,39.59,46.03,28.49
2024-07-01,18.36,34.66,2.33,17.67,19.32,18.47
2024-07-02,25.62,19.18,7.95,24.38,1.51,15.73
2024-07-03,27.67,40.68,10.82,26.85,3.56,21.92
2024-07-04,28.77,45.34,14.93,27.53,2.74,23.86
2024-07-05,3.84,30.41,14.25,3.42,1.64,10.71
2024-07-06,17.12,13.01,14.25,16.03,24.11,16.9
2024-07-07,9.73,7.53,8.22,8.9,28.9,12.66
2024-07-08,37.12,34.79,15.48,35.21,48.22,34.16
2024-07-09,54.79,48.22,14.66,52.33,57.53,45.51
2024-07-10,12.19,46.71,5.34,11.37,27.12,20.55
2024-07-11,1.1,27.4,6.44,1.1,7.53,8.71
2024-07-12,13.42,35.21,9.04,13.15,4.38,15.04
2024-07-13,31.92,9.86,3.29,30.14,54.93,26.03
2024-07-14,13.15,4.25,0.14,10.82,99.59,25.59
2024-07-15,8.36,25.07,3.56,6.85,90.41,26.85
2024-07-16,0.27,18.77,2.05,0.27,59.32,16.14
2024-07-17,0.27,33.29,9.32,0.27,38.63,16.36
2024-07-18,0.82,8.36,4.79,0.96,13.01,5.59
2024-07-19,23.42,24.79,6.16,22.88,82.6,31.97
2024-07-20,44.11,10.27,23.29,42.33,90.41,42.08
2024-07-21,19.18,15.89,50.41,17.95,87.81,38.25
2024-07-22,20.82,52.05,34.93,21.78,52.47,36.41
2024-07-23,22.33,38.63,33.56,20.82,18.9,26.85
2024-07-24,9.59,42.05,25.62,9.32,23.01,21.92
2024-07-25,18.63,25.89,63.7,17.67,26.44,30.47
2024-07-26,16.71,35.62,36.44,15.07,26.03,25.97
2024-07-27,72.05,32.74,13.56,69.32,73.7,52.27
2024-07-28,47.67,67.4,39.04,44.11,82.6,56.16
2024-07-29,23.42,52.19,61.78,23.15,73.29,46.77
2024-07-30,29.45,71.1,36.03,28.08,66.99,46.33
2024-07-31,15.48,59.45,63.7,15.21,92.6,49.29
2024-08-01,12.05,33.97,70.55,13.01,79.59,41.84
2024-08-02,15.48,22.88,56.71,14.93,52.88,32.58
2024-08-03,18.63,9.04,58.36,18.63,92.6,39.45
2024-08-04,8.49,24.11,58.49,7.12,92.88,38.22
2024-08-05,66.03,75.75,87.67,63.97,80.27,74.74
2024-08-06,83.56,58.63,80.82,83.42,80.68,77.42
2024-08-07,48.22,25.21,35.48,47.12,83.42,47.89
2024-08-08,26.16,28.63,18.63,25.75,79.59,35.75
2024-08-09,33.15,38.22,25.62,32.47,78.08,41.51
2024-08-10,26.44,23.84,3.01,25.48,86.71,33.1
2024-08-11,40.0,28.77,27.95,38.77,92.19,45.53
2024-08-12,36.58,45.21,59.18,36.58,78.36,51.18
2024-08-13,20.68,21.51,50.55,19.59,81.51,38.77
2024-08-14,10.68,12.47,20.41,10.0,61.37,22.99
2024-08-15,8.08,22.74,22.74,7.81,39.04,20.08
2024-08-16,9.86,58.22,19.45,9.45,43.56,28.11
2024-08-17,37.67,3.29,21.37,36.16,80.82,35.86
2024-08-18,29.18,12.6,50.96,28.08,85.62,41.29
2024-08-19,25.07,63.42,49.73,27.26,61.23,45.34
2024-08-20,1.1,17.26,16.85,0.96,41.51,15.53
2024-08-21,8.63,23.01,13.97,6.99,52.47,21.01
2024-08-22,27.95,20.27,23.29,27.4,67.12,33.21
2024-08-23,58.22,27.26,24.38,57.12,58.63,45.12
2024-08-24,36.85,3.15,8.08,35.62,95.62,35.86
2024-08-25,30.96,2.05,57.81,29.86,98.36,43.81
2024-08-26,16.44,39.18,52.74,15.75,91.78,43.18
2024-08-27,10.0,38.63,34.93,10.14,57.53,30.25
2024-08-28,5.34,20.82,39.18,5.07,49.32,23.95
2024-08-29,3.7,30.0,34.38,3.01,40.96,22.41
2024-08-30,8.22,35.21,25.34,6.71,34.66,22.03
2024-08-31,35.07,20.55,7.53,34.25,64.93,32.47
2024-09-01,3.7,5.21,7.12,3.01,88.49,21.51
2024-09-02,19.04,55.89,28.49,20.82,47.26,34.3
2024-09-03,9.45,75.34,41.1,9.59,42.05,35.51
2024-09-04,2.6,52.88,15.34,2.74,36.16,21.95
2024-09-05,8.9,62.33,7.26,8.22,20.41,21.42
2024-09-06,2.33,63.97,9.04,2.6,26.58,20.9
2024-09-07,12.74,31.37,12.47,12.33,68.36,27.45
2024-09-08,20.82,22.74,3.97,21.64,68.22,27.48
2024-09-09,6.16,36.58,22.47,5.34,21.51,18.41
2024-09-10,17.26,49.59,33.42,16.99,44.93,32.44
2024-09-11,4.93,47.95,42.88,4.38,58.08,31.64
2024-09-12,16.71,51.23,20.82,16.99,13.42,23.84
2024-09-13,2.05,41.51,21.78,1.92,10.55,15.56
2024-09-14,4.93,45.62,20.82,3.97,56.71,26.41
2024-09-15,7.53,18.22,5.07,7.26,63.84,20.38
2024-09-16,6.58,16.58,8.22,6.58,29.32,13.45
2024-09-17,3.15,1.92,13.15,3.15,35.75,11.42
2024-09-18,20.14,16.99,57.53,19.18,74.52,37.67
2024-09-19,8.49,22.19,20.14,8.36,55.89,23.01
2024-09-20,15.07,33.56,22.74,14.66,58.36,28.88
2024-09-21,60.82,14.38,27.4,59.73,84.11,49.29
2024-09-22,68.49,16.99,39.32,67.12,80.96,54.58
2024-09-23,25.21,29.18,54.38,24.38,55.62,37.75
2024-09-24,21.92,62.19,69.73,20.68,39.59,42.82
2024-09-25,24.38,59.59,53.7,22.33,44.79,40.96
2024-09-26,7.26,62.47,53.01,6.3,48.22,35.45
2024-09-27,17.95,55.89,38.63,17.81,47.53,35.56
2024-09-28,18.22,13.29,84.66,17.4,93.97,45.51
2024-09-29,15.07,71.64,82.19,13.97,92.74,55.12
2024-09-30,5.62,47.81,71.64,4.52,50.41,36.0
2024-10-01,9.73,11.64,92.19,7.95,93.97,43.1
2024-10-02,8.9,11.78,99.86,7.81,97.12,45.1
2024-10-03,5.21,2.19,93.42,4.38,84.11,37.86
2024-10-04,5.34,5.75,96.85,4.11,84.52,39.32
2024-10-05,25.34,2.33,87.4,23.01,96.03,46.82
2024-10-06,17.81,3.84,93.29,16.44,97.4,45.75
2024-10-07,12.74,6.99,97.12,11.64,95.89,44.88
2024-10-08,31.37,60.14,81.37,30.82,69.45,54.63
2024-10-09,30.14,50.14,67.53,29.18,42.33,43.86
2024-10-10,35.62,31.51,42.6,34.38,37.12,36.25
2024-10-11,2.6,38.36,73.01,2.88,46.03,32.58
2024-10-12,12.47,42.05,54.52,12.33,71.51,38.58
2024-10-13,18.9,15.34,62.74,18.63,87.4,40.6
2024-10-14,28.9,69.59,53.56,28.9,71.51,50.49
2024-10-15,55.89,67.67,80.82,56.3,42.74,60.68
2024-10-16,14.79,20.0,67.26,15.21,20.82,27.62
2024-10-17,24.25,41.92,55.48,24.38,41.64,37.53
2024-10-18,29.86,71.1,65.89,30.41,37.67,46.99
2024-10-19,14.11,10.96,50.68,15.75,85.89,35.48
2024-10-20,41.78,3.56,55.21,40.68,86.71,45.59
2024-10-21,33.7,40.14,53.56,33.01,52.33,42.55
2024-10-22,67.81,48.22,62.47,67.81,26.58,54.58
2024-10-23,61.78,43.15,45.89,61.37,58.63,54.16
2024-10-24,68.22,58.63,66.3,67.81,50.0,62.19
2024-10-25,34.25,46.44,29.73,33.7,36.44,36.11
2024-10-26,32.88,8.77,94.38,31.23,96.58,52.77
2024-10-27,21.78,15.89,52.74,21.92,90.82,40.63
2024-10-28,31.78,54.79,68.22,31.64,52.19,47.73
2024-10-29,1.64,49.73,59.18,1.37,59.04,34.19
2024-10-30,40.14,68.22,47.95,39.32,18.77,42.88
2024-10-31,0.41,36.99,43.42,0.27,7.81,17.78
2024-11-01,1.37,50.55,46.71,1.37,35.89,27.18
2024-11-02,8.77,11.51,34.25,7.95,62.6,25.01
2024-11-03,16.3,14.11,24.52,21.23,75.07,30.25
2024-11-04,19.59,26.58,42.33,18.9,29.59,27.4
2024-11-05,20.55,53.01,46.03,20.41,10.0,30.0
2024-11-06,5.34,66.99,70.68,9.04,0.14,30.44
2024-11-07,14.25,78.22,69.86,17.53,0.27,36.03
2024-11-08,8.08,74.79,47.12,8.08,15.48,30.71
2024-11-09,35.21,24.11,54.38,34.93,63.01,42.33
2024-11-10,18.9,22.33,27.95,19.04,81.1,33.86
2024-11-11,8.77,53.42,50.14,8.77,8.77,25.97
2024-11-12,3.42,72.19,66.85,3.42,7.81,30.74
2024-11-13,17.95,76.16,66.44,17.67,10.82,37.81
2024-11-14,13.7,49.32,55.89,13.01,9.04,28.19
2024-11-15,2.33,63.01,52.74,2.33,10.68,26.22
2024-11-16,63.84,40.0,39.18,64.11,18.77,45.18
2024-11-17,56.85,58.08,74.25,57.95,89.18,67.26
2024-11-18,58.49,78.49,64.11,57.81,49.32,61.64
2024-11-19,36.85,61.23,18.22,46.44,58.49,44.25
2024-11-20,17.81,46.03,11.78,26.71,46.3,29.73
2024-11-21,24.25,21.1,30.55,23.97,59.04,31.78
2024-11-22,27.53,32.6,27.81,29.04,42.19,31.84
2024-11-23,40.27,3.15,16.44,40.41,66.16,33.29
2024-11-24,63.56,7.4,39.45,63.01,82.05,51.1
2024-11-25,22.05,36.58,55.62,23.56,33.01,34.16
2024-11-26,15.89,62.19,33.29,15.89,40.55,33.56
2024-11-27,3.01,46.44,56.85,2.88,23.84,26.6
2024-11-28,7.4,32.19,34.66,8.77,33.01,23.21
2024-11-29,24.79,23.97,46.44,23.42,17.12,27.15
2024-11-30,36.44,7.4,40.41,36.03,82.6,40.58
2024-12-01,58.63,9.18,69.32,58.49,64.66,52.05
2024-12-02,51.1,61.1,53.29,50.68,40.41,51.32
2024-12-03,35.48,64.11,35.62,45.62,6.99,37.56
2024-12-04,1.64,23.56,18.9,2.33,8.08,10.9
2024-12-05,3.7,25.62,23.42,3.29,17.12,14.63
2024-12-06,22.05,20.55,12.05,23.42,18.49,19.32
2024-12-07,44.93,3.15,16.16,46.16,56.58,33.4
2024-12-08,40.96,7.4,72.74,40.68,73.97,47.15
2024-12-09,24.25,8.22,60.96,25.21,31.37,30.0
2024-12-10,25.75,26.85,48.36,25.62,9.45,27.21
2024-12-11,28.77,34.79,57.67,30.68,7.95,31.97
2024-12-12,13.01,22.19,25.21,13.01,6.44,15.97
2024-12-13,11.92,24.25,40.68,11.92,14.11,20.58
2024-12-14,32.33,4.38,32.33,31.37,26.16,25.32
2024-12-15,34.38,2.05,77.95,33.97,28.77,35.42
2024-12-16,38.63,32.6,60.82,37.67,5.89,35.12
2024-12-17,9.04,15.34,39.73,7.81,20.82,18.55
2024-12-18,16.03,19.45,13.97,16.16,5.21,14.16
2024-12-19,9.86,19.45,53.15,10.14,10.0,20.52
2024-12-20,30.27,36.03,47.53,28.9,46.44,37.84
2024-12-21,42.47,2.33,8.36,40.27,96.16,37.92
2024-12-22,50.68,12.33,49.18,49.45,93.56,51.04
2024-12-23,32.88,23.15,42.47,31.78,41.92,34.44
2024-12-24,54.38,55.21,41.1,53.42,21.92,45.21
2024-12-25,57.81,75.48,68.36,56.44,74.79,66.58
2024-12-26,85.48,54.25,48.9,84.52,71.78,68.99
2024-12-27,74.93,26.16,34.38,75.21,38.08,49.75
2024-12-28,65.75,5.07,38.08,64.52,58.63,46.41
2024-12-29,61.78,8.36,11.78,60.0,62.47,40.88
2024-12-30,59.86,78.77,85.62,57.81,7.81,57.97
2024-12-31,58.22,82.19,69.86,57.4,37.95,61.12
2025-01-01,75.89,13.84,56.71,75.89,92.19,62.9
2025-01-02,35.07,31.92,49.45,34.25,96.03,49.34
2025-01-03,39.32,17.12,24.25,39.73,60.96,36.27
2025-01-04,64.79,15.07,52.74,63.84,81.64,55.62
2025-01-05,61.78,10.0,10.96,59.86,84.93,45.51
2025-01-06,58.63,24.25,69.04,57.4,66.03,55.07
2025-01-07,72.74,61.51,41.64,73.84,21.78,54.3
2025-01-08,21.78,38.36,65.21,22.88,22.19,34.08
2025-01-09,34.79,31.23,27.53,34.25,13.7,28.3
2025-01-10,24.38,36.3,73.7,23.84,10.96,33.84
2025-01-11,32.33,19.04,60.55,32.05,18.36,32.47
2025-01-12,56.85,20.96,66.03,55.75,41.78,48.27
2025-01-13,45.62,18.9,77.53,48.49,1.78,38.47
2025-01-14,7.81,42.05,76.03,8.36,22.19,31.29
2025-01-15,27.67,67.26,74.38,31.23,20.41,44.19
2025-01-16,43.97,62.88,84.11,45.07,32.05,53.62
2025-01-17,15.48,78.63,62.6,19.59,12.74,37.81
2025-01-18,66.44,9.18,43.15,66.99,73.97,51.95
2025-01-19,60.68,61.78,59.45,60.96,83.29,65.23
2025-01-20,38.49,88.36,93.01,38.77,52.74,62.27
2025-01-21,35.07,84.25,87.95,35.89,48.22,58.27
2025-01-22,19.32,55.89,51.23,19.04,24.66,34.03
2025-01-23,36.44,49.86,63.01,36.3,34.66,44.05
2025-01-24,26.3,48.77,79.32,27.95,30.0,42.47
2025-01-25,65.07,7.53,27.4,64.38,68.9,46.66
2025-01-26,48.08,33.84,65.62,47.26,75.34,54.03
2025-01-27,19.45,29.45,71.92,27.95,20.68,33.89
2025-01-28,28.77,26.44,24.38,38.77,9.45,25.56
2025-01-29,36.44,3.01,46.58,46.85,7.4,28.05
2025-01-30,0.55,0.68,15.75,0.82,18.08,7.18
2025-01-31,21.37,16.16,76.3,23.84,5.34,28.6
2025-02-01,65.48,11.23,76.85,66.85,69.73,58.03
2025-02-02,34.79,84.38,93.01,36.58,69.45,63.64
2025-02-03,9.73,88.36,86.3,14.11,2.74,40.25
2025-02-04,46.03,80.96,92.05,63.84,23.84,61.34
2025-02-05,9.45,82.74,98.22,17.26,27.67,47.07
2025-02-06,30.55,57.67,79.04,32.88,18.08,43.64
2025-02-07,36.3,62.47,73.42,38.36,10.55,44.22
2025-02-08,48.22,57.4,43.15,48.63,41.64,47.81
2025-02-09,34.93,23.01,76.85,35.48,51.37,44.33
2025-02-10,58.08,47.26,81.1,61.64,5.48,50.71
2025-02-11,49.59,47.26,83.56,51.23,8.49,48.03
2025-02-12,61.23,34.11,60.41,60.55,1.37,43.53
2025-02-13,47.81,52.47,67.67,47.81,18.36,46.82
2025-02-14,72.33,54.11,55.07,73.84,24.25,55.92
2025-02-15,42.88,3.15,8.22,41.51,73.7,33.89
2025-02-16,65.07,13.42,44.79,63.42,71.37,51.62
2025-02-17,53.56,54.93,63.15,54.25,30.96,51.37
2025-02-18,31.1,33.97,66.44,30.55,9.86,34.38
2025-02-19,4.11,15.34,25.34,4.25,22.47,14.3
2025-02-20,10.0,37.4,13.01,8.77,32.33,20.3
2025-02-21,5.75,43.84,17.4,5.62,49.18,24.36
2025-02-22,12.33,8.08,31.64,10.27,87.4,29.95
2025-02-23,30.55,7.4,38.36,33.7,80.41,38.08
2025-02-24,56.03,55.62,61.64,58.36,31.37,52.6
2025-02-25,22.19,33.56,44.66,21.92,4.52,25.37
2025-02-26,1.64,22.74,68.36,1.78,8.08,20.52
2025-02-27,14.11,47.53,58.77,21.51,1.78,28.74
2025-02-28,6.44,27.4,29.45,7.4,3.84,14.9
2025-03-01,3.15,0.55,3.56,3.01,23.97,6.85
2025-03-02,25.07,5.75,31.23,24.11,44.38,26.11
2025-03-03,5.34,42.47,25.07,6.85,18.36,19.62
2025-03-04,20.14,87.26,68.49,33.42,3.97,42.66
2025-03-05,6.16,88.63,66.44,12.33,8.77,36.47
2025-03-06,5.21,60.41,20.14,8.08,2.74,19.32
2025-03-07,9.73,56.3,31.1,12.33,12.88,24.47
2025-03-08,49.04,2.6,30.68,48.22,55.89,37.29
2025-03-09,40.27,12.74,15.48,40.82,53.15,32.49
2025-03-10,40.96,55.89,80.0,39.73,28.9,49.1
2025-03-11,38.08,29.18,74.79,41.78,73.42,51.45
2025-03-12,3.29,39.73,61.64,4.25,24.93,26.77
2025-03-13,18.9,47.81,62.88,20.0,8.49,31.62
2025-03-14,0.55,58.08,63.29,0.41,4.11,25.29
2025-03-15,2.6,4.25,13.7,2.47,62.33,17.07
2025-03-16,13.97,3.84,17.53,12.05,80.96,25.67
2025-03-17,13.84,19.45,14.66,15.21,28.36,18.3
2025-03-18,12.6,38.36,47.4,13.56,58.49,34.08
2025-03-19,0.96,24.93,59.18,1.1,37.67,24.77
2025-03-20,2.88,43.42,33.7,2.74,30.41,22.63
2025-03-21,33.97,39.45,43.42,34.11,57.26,41.64
2025-03-22,27.26,15.21,9.59,25.75,75.07,30.58
2025-03-23,9.59,21.64,18.49,7.26,86.58,28.71
2025-03-24,29.32,44.52,65.34,27.81,63.29,46.05
2025-03-25,5.48,24.66,64.11,5.62,68.36,33.64
2025-03-26,2.74,35.07,27.12,3.29,58.08,25.26
2025-03-27,1.64,65.07,36.03,1.78,60.96,33.1
2025-03-28,40.27,70.96,41.92,40.27,21.92,43.07
2025-03-29,95.07,37.53,7.95,95.07,43.56,55.84
2025-03-30,91.37,42.05,82.6,91.37,67.12,74.9
2025-03-31,31.78,75.75,69.04,31.92,14.79,44.66
2025-04-01,62.6,90.41,49.04,62.88,16.58,56.3
2025-04-02,44.66,84.52,20.68,51.23,15.34,43.29
2025-04-03,96.71,98.63,70.0,96.99,17.53,75.97
2025-04-04,83.01,94.66,76.44,90.0,26.44,74.11
2025-04-05,91.37,90.82,58.08,92.19,54.93,77.48
2025-04-06,64.11,39.86,27.95,64.79,83.15,55.97
2025-04-07,49.45,98.22,93.29,56.85,26.44,64.85
2025-04-08,37.95,98.49,85.62,41.78,6.85,54.14
2025-04-09,82.47,100.0,83.29,91.64,1.92,71.86
2025-04-10,53.84,99.86,68.63,65.34,1.92,57.92
2025-04-11,29.32,98.36,69.45,38.22,0.41,47.15
2025-04-12,56.85,88.63,86.03,57.4,44.25,66.63
2025-04-13,47.4,85.21,59.59,47.26,90.14,65.92
2025-04-14,6.85,93.15,43.42,7.81,53.29,40.9
2025-04-15,4.25,82.47,31.1,5.89,39.32,32.6
2025-04-16,8.63,96.3,33.97,22.74,27.95,37.92
2025-04-17,7.81,98.08,52.47,12.6,30.0,40.19
2025-04-18,31.23,99.04,41.51,36.44,44.93,50.63
2025-04-19,29.86,92.6,30.82,29.32,60.96,48.71
2025-04-20,42.88,92.88,6.3,42.33,79.04,52.68
2025-04-21,76.85,96.99,46.71,76.99,40.0,67.51
2025-04-22,79.59,85.34,15.75,79.59,34.11,58.88
2025-04-23,83.97,89.73,5.07,83.97,42.47,61.04
2025-04-24,83.7,95.21,19.45,83.97,70.82,70.63
2025-04-25,86.16,92.33,6.3,85.21,78.9,69.78
2025-04-26,90.41,20.41,30.27,90.96,77.12,61.84
2025-04-27,94.66,90.14,31.64,94.66,92.74,80.77
2025-04-28,82.74,85.48,24.66,82.33,81.37,71.32
2025-04-29,68.22,69.04,12.88,70.68,67.53,57.67
2025-04-30,80.68,87.26,27.26,81.92,57.67,66.96
2025-05-01,82.88,30.68,64.11,82.88,52.74,62.66
2025-05-02,91.92,60.55,66.3,91.51,57.53,73.56
2025-05-03,95.62,33.29,4.11,95.34,75.34,60.74
2025-05-04,93.01,27.67,3.42,92.88,94.11,62.22
2025-05-05,78.49,13.7,51.51,78.77,60.27,56.55
2025-05-06,96.44,36.99,69.73,96.44,76.71,75.26
2025-05-07,99.73,78.63,28.77,99.73,89.86,79.34
2025-05-08,99.32,68.36,26.99,99.32,57.81,70.36
2025-05-09,98.77,85.89,16.58,98.63,41.92,68.36
2025-05-10,100.0,36.71,2.19,100.0,86.85,65.15
2025-05-11,99.45,79.59,52.19,99.45,63.01,78.74
2025-05-12,95.89,90.0,86.3,96.44,32.6,80.25
2025-05-13,77.26,74.38,84.93,77.67,24.79,67.81
2025-05-14,75.34,73.01,84.93,76.44,23.42,66.63
2025-05-15,80.0,65.62,81.51,80.55,20.41,65.62
2025-05-16,85.48,89.59,85.34,85.48,12.88,71.75
2025-05-17,89.18,3.56,33.01,88.9,52.19,53.37
2025-05-18,78.08,6.99,8.9,79.59,62.33,47.18
2025-05-19,62.6,56.03,12.33,62.74,16.71,42.08
2025-05-20,67.4,69.18,58.22,67.53,25.07,57.48
2025-05-21,64.38,78.08,64.52,67.4,49.45,64.77
2025-05-22,43.01,66.3,54.66,44.79,60.41,53.84
2025-05-23,88.36,79.32,59.86,88.9,56.85,74.66
2025-05-24,92.33,25.21,5.48,92.19,71.78,57.4
2025-05-25,93.97,17.67,5.07,94.11,83.42,58.85
2025-05-26,63.7,46.85,31.23,63.29,64.93,54.0
2025-05-27,36.85,80.27,32.74,34.79,28.08,42.55
2025-05-28,18.63,55.75,19.18,21.23,31.92,29.34
2025-05-29,64.38,93.84,18.22,72.6,13.29,52.47
2025-05-30,64.25,88.63,8.08,66.3,9.59,47.37
2025-05-31,72.88,43.01,17.53,75.75,36.58,49.15
2025-06-01,62.74,7.4,0.68,61.78,90.55,44.63
2025-06-02,47.12,5.07,20.82,52.74,82.47,41.64
2025-06-03,14.79,11.92,19.18,18.49,69.32,26.74
2025-06-04,5.48,30.55,5.07,7.12,60.96,21.84
2025-06-05,34.66,65.48,11.37,38.22,77.95,45.53
2025-06-06,56.44,43.42,5.48,58.08,65.07,45.7
2025-06-07,61.37,11.1,0.27,61.64,75.34,41.95
2025-06-08,28.77,12.05,0.27,32.74,92.47,33.26
2025-06-09,5.07,64.93,0.55,9.73,61.78,28.41
2025-06-10,20.41,42.6,4.11,33.84,72.74,34.74
2025-06-11,3.29,84.11,6.99,8.63,58.77,32.36
2025-06-12,99.18,75.62,59.73,99.18,41.51,75.04
2025-06-13,98.9,28.9,99.86,98.9,99.32,85.18
2025-06-14,98.08,13.56,99.59,98.08,98.77,81.62
2025-07-02,90.55,55.75,78.9,90.14,30.27,69.12
2025-07-03,42.6,36.85,33.29,42.19,23.29,35.64
2025-07-04,79.59,63.7,43.29,80.41,50.68,63.53
2025-07-05,86.3,24.93,18.08,86.03,58.08,54.68
2025-07-06,96.03,55.07,53.84,95.89,67.81,73.73
2025-07-07,93.7,76.85,52.47,94.52,62.19,75.95
2025-07-08,83.42,78.9,43.7,83.97,27.95,63.59
2025-07-09,86.03,83.15,40.68,87.26,36.71,66.77
2025-07-10,53.97,41.23,36.16,54.79,45.75,46.38
2025-07-11,60.27,66.85,36.44,62.6,36.03,52.44
2025-07-12,95.62,30.41,6.99,95.62,54.93,56.71
2025-07-13,83.29,35.48,10.68,83.15,61.37,54.79
2025-07-14,86.16,43.42,29.59,87.95,21.1,53.64
2025-07-15,93.7,81.1,50.82,94.93,25.21,69.15
2025-07-16,81.51,83.84,44.25,84.25,33.01,65.37
2025-07-17,61.51,53.84,19.86,62.47,43.97,48.33
2025-07-18,56.85,65.21,63.01,59.18,40.14,56.88
2025-07-19,71.78,21.92,1.64,73.15,66.3,46.96
2025-07-20,63.42,22.19,0.96,62.88,75.07,44.9
2025-07-21,63.29,74.25,22.74,63.29,38.77,52.47
2025-07-22,42.74,36.85,3.01,42.47,25.89,30.19
2025-07-23,68.36,72.19,39.04,70.55,10.0,52.03
2025-07-24,55.48,70.14,27.12,60.68,23.7,47.42
2025-07-25,60.27,62.47,58.36,61.78,18.77,52.33
2025-07-26,67.95,23.15,0.27,67.53,54.25,42.63
2025-07-27,73.29,22.47,12.33,73.42,63.84,49.07
2025-07-28,59.18,85.21,65.48,63.01,45.89,63.75
2025-07-29,81.92,77.26,67.4,82.88,57.67,73.42
2025-07-30,92.19,81.64,62.05,92.19,15.21,68.66
2025-07-31,95.07,63.7,87.12,95.21,56.71,79.56
2025-08-01,96.44,43.29,65.75,96.44,11.64,62.71
2025-08-02,93.01,13.7,72.47,92.47,54.38,65.21
2025-08-03,87.26,15.34,80.96,87.26,73.29,68.82
2025-08-04,96.03,70.41,85.34,95.89,36.3,76.79
2025-08-05,95.34,50.82,91.92,95.48,22.19,71.15
2025-08-06,97.95,72.19,93.29,97.95,27.26,77.73
2025-08-07,98.9,74.25,94.79,98.9,15.89,76.55
2025-08-08,96.58,53.01,82.47,96.3,29.73,71.62
2025-08-09,93.97,16.16,73.29,93.97,35.34,62.55
2025-08-10,88.08,7.4,28.36,89.32,55.21,53.67
2025-08-11,89.32,51.1,55.21,90.96,60.0,69.32
2025-08-12,81.64,71.51,30.0,84.38,32.74,60.05
2025-08-13,73.97,19.86,32.74,74.52,12.05,42.63
2025-08-14,90.41,14.52,43.97,90.41,18.49,51.56
2025-08-15,90.82,58.63,70.14,90.41,18.77,65.75
2025-08-16,87.26,11.23,22.47,86.85,26.71,46.9
2025-08-17,76.85,13.56,11.51,76.71,55.48,46.82
2025-08-18,77.4,55.48,39.73,77.26,47.4,59.45
2025-08-19,80.96,38.63,26.85,79.73,31.78,51.59
2025-08-20,78.9,45.48,15.34,79.18,31.78,50.14
2025-08-21,58.36,25.07,10.96,57.81,63.84,43.21
2025-08-22,75.89,50.41,50.68,75.07,56.85,61.78
2025-08-23,92.74,20.0,21.78,92.74,53.01,56.05
2025-08-24,87.12,15.75,55.89,86.85,78.77,64.88
2025-08-25,72.33,55.62,37.12,71.1,45.48,56.33
2025-08-26,76.58,69.73,53.56,76.44,31.23,61.51
2025-08-27,87.67,33.97,75.48,87.4,42.88,65.48
2025-08-28,79.86,83.7,79.59,79.59,83.7,81.29
2025-08-29,76.03,76.58,35.07,76.3,53.29,63.45
2025-08-30,96.3,78.77,35.48,96.3,75.62,76.49
2025-08-31,98.22,95.48,59.86,98.22,83.56,87.07
2025-09-01,98.77,98.63,66.44,98.77,46.03,81.73
2025-09-02,95.89,93.15,46.85,95.62,36.16,73.53
2025-09-03,80.27,90.96,9.04,79.32,26.3,57.18
2025-09-04,69.59,84.93,21.51,67.53,15.07,51.73
2025-09-05,83.7,73.56,43.29,82.88,19.59,60.6
2025-09-06,90.82,46.03,19.04,90.41,57.4,60.74
2025-09-07,90.68,17.95,78.22,89.86,86.85,72.71
2025-09-08,80.55,43.15,49.04,80.27,65.21,63.64
2025-09-09,90.27,70.68,49.18,90.0,80.55,76.14
2025-09-10,84.66,50.41,69.59,84.25,95.89,76.96
2025-09-11,65.34,16.85,36.3,64.93,95.07,55.7
2025-09-12,77.81,55.89,66.58,76.85,83.97,72.22
2025-09-13,94.79,37.81,86.99,94.66,76.44,78.14
2025-09-14,87.67,13.84,85.62,89.04,91.64,73.56
2025-09-15,46.44,82.05,60.41,51.23,60.55,60.14
2025-09-16,70.55,77.95,74.38,72.47,66.3,72.33
2025-09-17,81.64,60.41,43.15,81.23,32.6,59.81
2025-09-18,78.08,80.68,61.37,77.12,30.68,65.59
2025-09-19,86.3,84.93,73.56,87.81,25.21,71.56
2025-09-20,97.12,47.67,64.25,97.4,89.73,79.23
2025-09-21,97.26,58.9,75.07,97.12,77.95,81.26
2025-09-22,73.84,60.96,57.81,73.7,37.12,60.68
2025-09-23,92.05,67.95,81.64,92.33,55.62,77.92
2025-09-24,71.78,45.48,63.42,71.23,64.38,63.26
2025-09-25,81.1,63.56,63.84,81.51,52.05,68.41
2025-09-26,86.16,87.4,61.51,86.3,38.22,71.92
2025-09-27,92.88,32.33,43.56,92.47,71.64,66.58
2025-09-28,86.71,84.38,49.45,85.75,89.86,79.23
2025-09-29,78.36,70.41,63.97,78.08,68.08,71.78
2025-09-30,49.59,63.97,83.56,50.55,43.29,58.19
2025-10-01,42.88,2.88,27.81,42.05,20.82,27.29
2025-10-02,38.36,1.64,28.49,36.3,75.07,35.97
2025-10-03,63.29,0.14,59.59,61.92,80.0,52.99
2025-10-04,88.63,4.66,54.52,88.08,88.08,64.79
2025-10-05,76.99,2.47,35.34,76.71,91.64,56.63
2025-10-06,63.01,0.82,65.48,63.56,73.01,53.18
2025-10-07,86.71,5.34,79.59,86.58,68.9,65.42
2025-10-08,85.62,1.78,64.66,84.79,47.95,56.96
2025-10-09,83.29,22.19,93.01,84.93,45.07,65.7
2025-10-10,89.73,64.25,78.22,93.56,52.6,75.67
2025-10-11,85.48,79.73,73.84,91.64,65.75,79.29
2025-10-12,91.92,54.66,90.0,95.48,80.27,82.47
2025-10-13,71.51,70.82,97.12,82.88,47.12,73.89
2025-10-14,76.85,86.03,91.64,84.93,23.15,72.52
2025-10-15,84.93,96.85,82.88,88.63,15.75,73.81
2025-10-16,90.68,41.64,90.82,91.64,17.53,66.47
2025-10-17,86.03,68.22,70.27,86.3,19.73,66.11
2025-10-18,78.9,21.64,18.9,85.21,50.27,50.99
2025-10-19,70.41,26.16,40.14,72.88,84.38,58.79
2025-10-20,20.41,78.63,68.77,31.92,44.66,48.88
2025-10-21,15.75,70.68,32.6,26.58,19.59,33.04
2025-10-22,26.3,31.64,59.45,29.73,20.41,33.51
2025-10-23,76.16,59.86,97.95,79.32,15.21,65.7
2025-10-24,75.34,25.48,91.23,80.68,10.96,56.74
2025-10-25,71.78,23.7,64.38,79.32,41.64,56.16
2025-10-26,92.74,68.08,70.14,95.62,47.53,74.82
2025-10-27,82.05,97.95,59.04,89.32,1.78,66.03
2025-10-28,38.63,76.71,46.58,47.4,18.36,45.53
2025-10-29,70.0,70.0,60.82,77.67,27.26,61.15
2025-10-30,66.03,98.77,53.84,81.92,8.63,61.84
2025-10-31,75.62,92.88,39.32,80.55,6.99,59.07
2025-11-01,86.71,47.95,35.62,87.95,31.1,57.86
2025-11-02,80.82,35.62,70.27,82.88,94.25,72.77
2025-11-03,80.14,90.41,46.16,86.16,42.74,69.12
2025-11-04,54.11,36.44,46.44,58.77,11.23,41.4
2025-11-05,47.26,33.01,18.77,50.27,4.66,30.79
2025-11-06,66.03,52.88,45.62,66.44,11.92,48.58
2025-11-07,69.73,67.81,58.9,71.51,12.47,56.08
2025-11-08,87.53,14.25,64.66,86.58,50.96,60.79
2025-11-09,70.55,15.07,34.38,72.05,39.73,46.36
2025-11-10,61.78,7.12,36.85,63.42,11.78,36.19
2025-11-11,86.58,46.16,50.68,85.48,20.14,57.81
2025-11-12,73.84,24.52,45.89,73.42,8.08,45.15
2025-11-13,84.66,36.85,46.85,84.11,15.75,53.64
2025-11-14,21.23,16.44,67.67,20.96,39.45,33.15
2025-11-15,76.99,9.73,58.77,75.07,45.75,53.26
2025-11-16,15.89,13.84,69.86,15.75,34.93,30.05
2025-11-17,92.05,60.41,60.96,91.51,27.95,66.58
2025-11-18,63.15,86.03,70.96,62.74,33.01,63.18
2025-11-19,36.16,79.04,55.07,35.89,35.07,48.25
2025-11-20,65.34,44.25,48.49,65.62,6.03,45.95
2025-11-21,80.41,58.63,54.52,80.96,17.53,58.41
2025-11-22,83.42,14.66,48.49,82.05,48.49,55.42
2025-11-23,83.7,14.38,86.3,82.6,73.97,68.19
2025-11-24,65.07,36.85,45.48,67.12,33.42,49.59
2025-11-25,74.79,70.27,47.12,74.52,43.01,61.95
2025-11-26,53.56,39.18,38.77,51.51,10.41,38.68
2025-11-27,61.64,70.27,38.63,61.1,62.19,58.77
2025-11-28,69.04,76.85,70.68,68.22,56.44,68.25
2025-11-29,95.62,7.95,61.64,95.07,87.12,69.48
2025-11-30,74.11,14.66,89.73,72.6,77.53,65.73
2025-12-01,61.64,16.44,85.07,61.51,36.03,52.14
2025-12-02,47.4,49.86,59.59,48.77,41.37,49.4
2025-12-03,54.25,50.82,71.78,53.42,25.75,51.21
2025-12-04,90.96,29.04,67.81,91.1,23.97,60.58
2025-12-05,98.63,94.93,85.89,98.63,27.26,81.07
2025-12-06,85.21,1.51,81.78,82.74,94.93,69.23
2025-12-07,93.15,30.27,52.19,92.19,81.78,69.92
2025-12-08,87.4,87.4,22.88,87.53,37.67,64.58
2025-12-09,71.1,73.01,22.47,72.6,21.92,52.22
2025-12-10,78.49,38.77,65.21,78.08,1.92,52.49
2025-12-11,65.48,47.26,94.93,65.48,5.62,55.75
2025-12-12,72.33,71.23,75.48,71.64,12.74,60.68
2025-12-13,80.14,16.03,51.1,78.08,68.49,58.77
2025-12-14,48.63,6.44,60.41,47.53,99.18,52.44
2025-12-15,65.21,58.49,58.08,64.38,97.81,68.79
2025-12-16,69.45,30.82,34.25,68.36,87.4,58.05
2025-12-17,68.36,33.97,97.26,68.08,60.55,65.64
2025-12-18,66.3,37.81,96.03,65.89,57.12,64.63
2025-12-19,76.44,37.95,48.63,77.95,58.36,59.86
2025-12-20,88.77,3.15,87.81,87.81,87.81,71.07
2025-12-21,81.78,6.85,95.48,80.27,80.0,68.88
2025-12-22,83.56,64.93,96.71,82.19,69.73,79.42
2025-12-23,58.08,32.47,91.1,57.26,46.71,57.12
2025-12-24,87.81,60.14,88.63,86.71,42.19,73.1
2025-12-25,93.15,88.22,93.29,92.05,72.6,87.86
2025-12-26,87.4,74.52,68.36,86.03,68.49,76.96
2025-12-27,81.92,18.9,12.74,80.14,83.7,55.48
2025-12-28,91.92,27.12,4.11,90.96,81.1,59.04
2025-12-29,69.45,91.51,40.14,67.53,78.49,69.42
2025-12-30,84.11,92.47,74.25,83.29,89.59,84.74
2025-12-31,92.88,98.22,78.9,92.05,73.29,87.07
2026-01-01,95.48,53.42,54.38,95.89,93.01,78.44
2026-01-02,76.03,5.75,57.12,74.38,81.92,59.04
2026-01-03,59.32,32.6,100.0,58.49,99.59,70.0
2026-01-04,61.64,98.77,100.0,60.82,99.18,84.08
2026-01-05,66.03,97.26,99.86,65.48,96.3,84.99
2026-01-06,73.56,96.99,99.59,72.6,94.25,87.4
2026-01-07,69.45,95.75,99.59,69.73,80.0,82.9
2026-01-08,46.99,80.82,99.18,49.32,74.52,70.16
2026-01-09,21.78,70.96,98.63,26.44,89.32,61.42
2026-01-10,35.34,71.78,98.63,33.15,84.93,64.77
2026-01-11,59.32,28.08,98.63,56.85,96.16,67.81
2026-01-12,73.42,72.88,97.26,72.6,60.96,75.42
2026-01-13,90.0,90.0,96.44,89.73,51.37,83.51
2026-01-14,44.38,92.33,95.21,43.84,57.81,66.71
2026-01-15,44.52,79.73,96.71,45.75,62.47,65.84
2026-01-16,69.45,91.78,97.12,68.9,23.29,70.11
2026-01-17,78.77,67.81,86.03,78.22,55.48,73.26
2026-01-18,58.9,92.05,91.1,57.26,59.59,71.78
2026-01-19,76.99,97.81,71.23,77.4,22.88,69.26
2026-01-20,84.66,97.4,63.29,83.97,48.08,75.48
2026-01-21,82.88,83.56,82.6,83.29,27.53,71.97
2026-01-22,43.7,81.92,87.95,41.37,35.21,58.03
2026-01-23,33.56,90.96,85.48,31.1,10.55,50.33
2026-01-24,78.08,59.18,80.14,74.93,70.96,72.66
2026-01-25,90.68,41.51,40.41,89.18,64.52,65.26
2026-01-26,89.04,88.08,78.49,88.22,32.6,75.29
2026-01-27,96.3,82.88,78.77,96.58,42.6,79.42
2026-01-28,83.29,59.18,83.97,83.56,52.47,72.49
2026-01-29,75.21,62.47,87.67,74.93,46.99,69.45
2026-01-30,75.75,92.47,97.26,74.52,30.27,74.05
2026-01-31,89.32,22.88,84.79,88.9,54.79,68.14
2026-02-01,99.59,22.33,93.97,99.59,74.38,77.97
2026-02-02,94.52,69.45,94.11,94.52,20.55,74.63
2026-02-03,96.58,40.0,93.7,96.71,21.1,69.62
2026-02-04,88.63,58.9,85.75,87.81,41.37,72.49
2026-02-05,67.26,71.92,57.12,66.71,20.0,56.6
2026-02-06,72.19,84.38,82.6,72.19,33.42,68.96
2026-02-07,95.89,15.62,90.14,96.03,71.64,73.86
2026-02-08,89.32,31.78,59.45,87.95,61.51,66.0
2026-02-09,82.05,87.95,76.44,81.92,26.58,70.99
2026-02-10,71.51,39.32,56.44,71.1,5.48,48.77
2026-02-11,77.53,53.42,65.07,76.71,19.73,58.49
2026-02-12,68.77,36.44,76.03,67.4,24.38,54.6
2026-02-13,76.71,58.77,84.11,76.44,22.47,63.7
2026-02-14,87.53,47.4,53.7,87.12,51.78,65.51
2026-02-15,91.37,16.99,80.41,90.27,45.62,64.93
2026-02-16,91.92,3.97,74.66,91.1,8.9,54.11
2026-02-17,86.85,2.47,85.75,86.03,29.04,58.03
2026-02-18,87.4,0.41,89.59,86.71,9.18,54.66
2026-02-19,90.82,2.05,94.25,90.0,29.86,61.4
2026-02-20,90.68,5.89,94.66,90.0,15.48,59.34
2026-02-21,95.48,4.25,94.38,95.21,62.47,70.36
2026-02-22,93.42,3.97,93.15,93.01,89.18,74.55
2026-02-23,86.44,7.12,93.7,86.16,51.92,65.07
2026-02-24,72.74,32.19,92.6,76.99,44.11,63.73
2026-02-25,70.55,27.53,97.67,70.41,41.1,61.45
2026-02-26,60.82,13.42,92.88,61.23,36.03,52.88
2026-02-27,84.66,27.12,85.48,83.97,41.1,64.47
2026-02-28,36.3,5.21,100.0,33.15,100.0,54.93
2026-03-01,92.19,9.73,99.86,90.41,99.86,78.41
2026-03-02,89.32,15.34,99.73,88.22,99.59,78.44
2026-03-03,67.67,15.21,99.59,66.44,99.04,69.59
2026-03-04,55.62,27.67,99.45,54.52,98.49,67.15
2026-03-05,93.29,40.96,99.32,92.6,97.81,84.79
2026-03-06,95.75,67.12,99.32,95.62,97.26,91.01
2026-03-07,98.08,24.11,99.32,98.08,98.77,83.67
2026-03-08,93.15,42.88,99.04,93.01,98.63,85.34
2026-03-09,90.68,46.44,99.86,89.59,97.67,84.85
2026-03-10,91.23,67.81,99.86,90.68,96.85,89.29
2026-03-11,85.07,33.56,99.18,83.97,96.85,79.73
2026-03-12,89.45,48.63,99.18,88.63,96.99,84.58
2026-03-13,88.77,52.74,99.04,87.53,96.58,84.93
2026-03-14,93.15,34.93,99.32,92.88,97.95,83.64
2026-03-15,72.05,71.23,98.49,71.51,97.26,82.11
2026-03-16,69.86,91.64,98.63,70.82,94.38,85.07
2026-03-17,65.48,45.62,97.95,63.7,94.79,73.51
2026-03-18,48.22,52.47,97.81,47.12,95.62,68.25
2026-03-19,49.45,30.14,99.18,48.08,96.71,64.71
2026-03-20,69.32,35.07,98.08,71.1,92.74,73.26
2026-03-21,89.86,11.23,97.81,90.55,96.99,77.29
2026-03-22,71.92,7.67,97.81,69.18,97.12,68.74
2026-03-23,36.3,21.92,97.95,35.75,95.07,57.4
2026-03-24,62.88,14.11,96.71,62.05,90.96,65.34
2026-03-25,61.64,29.18,96.58,60.96,87.53,67.18
2026-03-26,64.66,75.34,96.85,62.6,85.07,76.9
2026-03-27,56.16,20.82,96.16,55.75,90.0,63.78
2026-03-28,81.51,26.99,96.03,79.73,94.79,75.81
2026-03-29,64.66,36.71,96.3,62.19,96.16,71.21
2026-03-30,49.45,36.58,96.85,47.95,92.05,64.58
2026-03-31,43.01,57.4,96.71,41.64,88.49,65.45
2026-04-01,43.42,59.18,96.58,44.11,85.48,65.75
2026-04-02,69.73,53.97,97.4,67.53,89.04,75.53
2026-04-03,58.36,73.01,96.03,59.04,90.0,75.29
2026-04-04,82.19,20.82,95.34,80.55,94.52,74.68
2026-04-05,53.97,1.23,96.03,51.64,95.75,59.73
2026-04-06,76.16,1.92,96.85,74.52,93.42,68.58
2026-04-07,18.9,14.79,96.85,18.77,91.78,48.22
2026-04-08,55.89,81.1,99.59,55.07,96.03,77.53
2026-04-09,13.29,23.29,95.07,11.78,86.3,45.95
2026-04-10,33.7,74.52,94.93,33.97,78.49,63.12
2026-04-11,24.38,34.52,94.38,23.01,85.89,52.44
2026-04-12,59.86,23.01,94.52,59.73,87.95,65.01
2026-04-13,58.22,83.01,96.3,57.67,86.3,76.3
2026-04-14,47.4,78.9,94.79,46.99,80.14,69.64
2026-04-15,20.82,73.29,93.56,21.78,82.47,58.38
2026-04-16,29.18,52.05,93.42,30.82,81.37,57.37
2026-04-17,19.18,18.08,93.29,17.4,70.0,43.59
2026-04-18,82.19,10.82,93.7,80.96,87.4,71.01
2026-04-19,90.14,9.45,93.15,88.77,90.0,74.3
2026-04-20,66.3,79.18,93.42,65.48,85.62,78.0
2026-04-21,44.38,36.58,92.47,43.7,77.95,59.01
2026-04-22,51.92,46.3,92.47,52.05,83.84,65.32
2026-04-23,47.53,39.73,92.33,47.4,77.4,60.88
2026-04-24,33.01,73.15,91.92,38.08,71.78,61.59
2026-04-25,40.55,26.71,91.64,39.86,89.04,57.56
2026-04-26,38.77,13.15,90.41,36.3,98.36,55.4
2026-04-27,63.7,84.52,91.51,65.48,88.08,78.66
2026-04-28,57.95,68.22,92.05,58.22,72.05,69.7
2026-04-29,24.93,55.21,92.6,24.66,74.38,54.36
2026-04-30,31.51,34.52,91.92,30.0,76.99,52.99
2026-05-01,28.22,4.79,91.37,27.53,78.9,46.16
2026-05-02,54.66,12.33,91.78,54.79,82.33,59.18
2026-05-03,55.48,5.89,91.78,54.52,86.99,58.93
2026-05-04,53.29,0.27,92.33,52.74,87.26,57.18
2026-05-05,45.89,1.51,91.37,44.93,86.03,53.95
2026-05-06,32.6,26.99,91.64,33.42,80.55,53.04
2026-05-07,52.88,33.97,90.27,53.15,68.63,59.78
2026-05-08,28.08,24.25,90.27,28.08,73.29,48.79
2026-05-09,63.84,28.63,89.04,62.05,63.84,61.48
2026-05-10,53.84,13.97,89.86,54.11,84.25,59.21
2026-05-11,62.6,61.78,90.55,64.52,56.71,67.23
2026-05-12,38.77,79.32,90.41,48.63,59.59,63.34
2026-05-13,54.11,98.22,90.0,56.99,46.44,69.15
2026-05-14,74.25,99.45,89.59,75.62,46.58,77.1
2026-05-15,86.71,98.77,90.27,88.49,41.64,81.18
2026-05-16,76.03,72.6,88.22,77.95,71.51,77.26
2026-05-17,77.12,55.34,88.49,75.34,88.63,76.99
2026-05-18,54.93,67.26,89.04,55.48,77.4,68.82
2026-05-19,43.97,80.82,88.77,45.75,85.21,68.9
2026-05-20,45.48,94.93,89.04,46.3,74.11,69.97
2026-05-21,65.62,48.9,88.22,65.21,39.04,61.4
2026-05-22,52.88,50.68,87.95,55.48,50.96,59.59
2026-05-23,93.56,22.6,87.26,93.29,75.75,74.49
2026-05-24,97.12,16.71,89.18,96.85,94.79,78.93
2026-05-25,93.56,65.89,89.04,93.29,63.97,81.15
2026-05-26,97.12,36.03,87.67,97.12,58.22,75.23
2026-05-27,49.59,61.78,87.26,54.11,47.81,60.11
2026-05-28,67.12,40.55,87.81,65.75,70.68,66.38
2026-05-29,65.75,12.33,88.22,65.21,58.77,58.05
2026-05-30,90.96,15.89,85.89,90.27,56.58,67.92
2026-05-31,75.62,16.58,85.89,72.33,74.25,64.93
2026-06-01,52.88,17.81,87.26,51.78,70.68,56.08
2026-06-02,56.99,25.75,86.3,56.16,76.03,60.25
2026-06-03,83.7,37.53,87.95,82.47,77.95,73.92
2026-06-04,55.75,20.82,86.71,55.34,50.41,53.81
2026-06-05,86.71,71.92,86.44,86.03,40.0,74.22
2026-06-06,81.64,5.21,85.48,82.19,79.45,66.79
2026-06-07,86.3,15.75,85.07,85.21,92.47,72.96
2026-06-08,72.19,24.93,87.26,71.1,86.16,68.33
2026-06-09,68.49,27.53,86.3,68.63,71.78,64.55
2026-06-10,73.42,22.6,88.77,70.96,89.59,69.07
2026-06-11,86.71,20.55,91.78,85.34,82.19,73.32
2026-06-12,83.42,19.18,89.45,82.19,45.07,63.86
2026-06-13,95.34,3.01,86.44,96.58,70.68,70.41
2026-06-14,79.04,7.95,87.95,78.49,83.7,67.42
2026-06-15,87.53,16.71,93.01,87.95,85.89,74.22
2026-06-16,78.08,16.03,90.14,78.77,62.88,65.18
2026-06-17,78.77,27.4,90.27,77.67,52.88,65.4
2026-06-18,65.21,44.66,91.51,64.52,72.88,67.75
2026-06-19,68.08,0.96,87.67,68.9,59.18,56.96
2026-06-20,90.82,0.96,85.21,89.86,68.63,67.1
2026-06-21,79.59,2.6,90.41,78.22,79.04,65.97
2026-06-22,70.68,26.71,87.53,72.33,55.34,62.52
2026-06-23,80.14,21.92,83.97,79.73,41.78,61.51
2026-06-24,52.33,24.66,81.78,52.88,40.96,50.52
2026-06-25,33.42,21.64,83.01,33.56,21.92,38.71
2026-06-26,42.74,45.34,81.37,41.78,47.67,51.78
2026-06-27,82.88,11.92,81.51,82.19,80.0,67.7
2026-06-28,69.04,7.95,84.11,67.26,80.68,61.81
2026-06-29,34.66,53.56,83.97,37.81,61.64,54.33
2026-06-30,73.97,80.55,81.51,73.56,36.44,69.21
2026-07-05,84.25,28.9,79.04,83.42,75.75,70.27
2026-07-06,72.47,73.29,80.68,69.86,83.29,75.92
2026-07-07,71.64,58.22,82.19,71.51,77.53,72.22
2026-07-08,78.63,59.04,91.23,78.9,91.92,79.95
2026-07-09,63.29,53.7,87.4,65.07,77.81,69.45
2026-07-10,54.38,33.42,82.05,53.15,52.6,55.12
2026-07-11,92.47,12.88,80.27,92.74,72.88,70.25
2026-07-12,92.6,16.99,86.85,91.92,93.42,76.36
2026-07-13,59.45,8.63,87.67,61.78,88.49,61.21
2026-07-14,71.78,44.79,90.68,70.55,88.08,73.18
2026-07-15,69.45,39.73,86.03,68.63,70.96,66.96
2026-07-16,58.9,33.7,84.66,58.77,55.07,58.22
2026-07-17,67.81,97.95,81.92,68.49,49.04,73.04
2026-07-18,92.6,31.51,83.7,92.47,85.89,77.23
2026-07-19,59.32,93.7,90.0,56.16,97.81,79.4
